,site,date,temp_C,do_mgl,temp_C_do,cond_uscm,temp_C_cond,par_intlux,temp_C_par
0,N-TKL_884,2024-05-16,21.75509375,,,,,,
1,N-TKL_884,2024-05-17,18.600072916666665,,,,,,
2,N-TKL_884,2024-05-18,20.24716666666667,,,,,,
3,N-TKL_884,2024-05-19,19.811729166666666,,,,,,
4,N-TKL_884,2024-05-20,20.7415625,,,,,,
5,N-TKL_884,2024-05-21,20.748770833333335,,,,,,
6,N-TKL_884,2024-05-22,21.064260416666666,,,,,,
7,N-TKL_884,2024-05-23,20.04509375,,,,,,
8,N-TKL_884,2024-05-24,14.456052083333333,,,,,,
9,N-TKL_884,2024-05-25,10.175645833333332,,,,,,
10,N-TKL_884,2024-05-26,7.797125,,,,,,
11,N-TKL_884,2024-05-27,7.874031250000001,,,,,,
12,N-TKL_884,2024-05-28,9.600395833333334,,,,,,
13,N-TKL_884,2024-05-29,12.206489583333335,,,0.7375,14.2940625,0.0,14.0166875
14,N-TKL_884,2024-05-30,15.64821875,10.1425,15.786666666666667,1.1708333333333334,16.666666666666668,1.3447916666666666,16.41689583333333
15,N-TKL_884,2024-05-31,17.114833333333333,10.516354166666668,13.915833333333333,1.6416666666666666,13.8921875,720.9625000000001,17.56442708333333
16,N-TKL_884,2024-06-01,13.045927083333332,6.658437500000001,8.450416666666667,25.477083333333336,9.365625,4.305,16.736725
17,N-TKL_884,2024-06-02,8.819374999999999,-0.014583333333333332,7.410625,64.80833333333332,8.776145833333333,,
18,N-TKL_884,2024-06-03,7.368375,-0.050625,6.812916666666666,63.984375,7.278645833333333,,
19,N-TKL_884,2024-06-04,6.456604166666666,-0.0534375,6.0929166666666665,63.09166666666667,6.34875,,
20,N-TKL_884,2024-06-05,7.876260416666667,-0.060625000000000005,6.468125000000001,65.609375,7.746770833333334,,
21,N-TKL_884,2024-06-06,9.40765625,-0.06,7.392708333333334,68.93124999999999,9.186875,,
22,N-TKL_884,2024-06-07,10.386385416666666,-0.06,7.898125,71.33854166666667,10.151875,,
23,N-TKL_884,2024-06-08,12.408260416666666,-0.06416666666666666,9.809583333333334,76.33333333333333,12.337916666666667,,
24,N-TKL_884,2024-06-09,14.002739583333332,-0.06,11.523541666666667,80.659375,13.958645833333334,,
25,N-TKL_884,2024-06-10,15.3198125,-0.06,12.330208333333333,84.40625,15.287812500000001,,
26,N-TKL_884,2024-06-11,15.848010416666668,-0.06,12.678958333333334,88.503125,15.820208333333333,,
27,N-TKL_884,2024-06-12,17.25425,-0.06,13.347916666666668,91.17708333333333,17.177916666666665,,
28,N-TKL_884,2024-06-13,16.32496875,-0.06,13.60875,91.67812500000001,16.1084375,,
29,N-TKL_884,2024-06-14,14.995677083333334,-0.0596875,13.031666666666666,89.03229166666667,14.865208333333333,,
30,N-TKL_884,2024-06-15,14.817,-0.0590625,12.868958333333333,89.38958333333333,14.771666666666667,,
31,N-TKL_884,2024-06-16,15.780427083333334,-0.06,13.513333333333334,93.7,15.766874999999999,,
32,N-TKL_884,2024-06-17,16.41853125,-0.058437499999999996,14.245624999999999,96.7375,16.456666666666667,,
33,N-TKL_884,2024-06-18,15.700708333333333,-0.050937500000000004,14.184375000000001,96.17708333333333,15.586458333333333,,
34,N-TKL_884,2024-06-19,15.559031249999999,-0.05427083333333333,13.853958333333333,98.09166666666665,15.531041666666667,,
35,N-TKL_884,2024-06-20,17.038416666666667,-0.056562499999999995,14.859791666666666,100.10208333333333,17.007083333333334,,
36,N-TKL_884,2024-06-21,18.113270833333335,-0.05427083333333333,15.670416666666666,103.45416666666667,18.116770833333334,,
37,N-TKL_884,2024-06-22,19.276104166666666,-0.05375,16.862916666666667,108.46875,19.285520833333333,,
38,N-TKL_884,2024-06-23,18.808239583333332,-0.050416666666666665,17.026041666666668,109.33020833333335,18.831041666666668,,
39,N-TKL_884,2024-06-24,18.56478125,-0.05000000000000001,16.90875,110.14999999999999,18.5809375,,
40,N-TKL_884,2024-06-25,19.029500000000002,-0.05000000000000001,17.284166666666668,112.29166666666667,19.018854166666667,,
41,N-TKL_884,2024-06-26,19.834458333333334,-0.05000000000000001,17.69395833333333,117.85729166666665,19.819895833333334,,
42,N-TKL_884,2024-06-27,21.053427083333332,-0.05000000000000001,18.60375,120.21145833333333,20.986458333333335,,
43,N-TKL_884,2024-06-28,21.34629166666667,-0.05000000000000001,19.271874999999998,124.07291666666667,21.319895833333334,,
44,N-TKL_884,2024-06-29,21.044645833333334,-0.05000000000000001,19.135,126.59375,20.984270833333333,,
45,N-TKL_884,2024-06-30,22.028572916666665,-0.05000000000000001,19.813958333333336,131.36458333333334,22.054895833333333,,
46,N-TKL_884,2024-07-01,22.443458333333336,-0.05000000000000001,20.445208333333333,133.98333333333332,22.493958333333335,,
47,N-TKL_884,2024-07-02,19.771052083333334,-0.040625,19.230625,123.08749999999999,19.675416666666667,,
48,N-TKL_884,2024-07-03,14.791489583333332,-0.03,15.247291666666667,100.05104166666666,14.640208333333334,,
49,N-TKL_884,2024-07-04,13.569531249999999,-0.045000000000000005,13.574375000000002,100.07708333333333,13.393958333333332,,
50,N-TKL_884,2024-07-05,12.904833333333334,-0.05000000000000001,12.801666666666668,99.8625,12.745520833333332,,
51,N-TKL_884,2024-07-06,12.629447916666665,-0.05000000000000001,12.300208333333332,95.35833333333333,12.50625,,
52,N-TKL_884,2024-07-07,13.0025,-0.05010416666666667,12.627083333333333,93.128125,12.964479166666665,,
53,N-TKL_884,2024-07-08,13.676666666666668,-0.05000000000000001,12.918333333333335,95.096875,13.57,,
54,N-TKL_884,2024-07-09,14.103010416666669,-0.05000000000000001,13.275,97.171875,13.990416666666667,,
55,N-TKL_884,2024-07-10,13.452687500000001,-0.05000000000000001,12.911458333333334,96.31145833333333,13.341666666666667,,
56,N-TKL_884,2024-07-11,14.536229166666667,-0.051145833333333335,13.283125,98.33229166666666,14.464166666666666,,
57,N-TKL_884,2024-07-12,16.50446875,-0.05000000000000001,14.475833333333334,103.83541666666667,16.3621875,,
58,N-TKL_884,2024-07-13,16.75192708333333,-0.05000000000000001,15.079166666666666,107.86770833333333,16.659895833333334,,
59,N-TKL_884,2024-07-14,16.332677083333333,-0.05000000000000001,15.211875,105.3125,16.273645833333333,,
60,N-TKL_884,2024-07-15,15.648895833333334,-0.05000000000000001,14.755833333333333,103.565625,15.566145833333332,,
61,N-TKL_884,2024-07-16,15.427291666666667,-0.05000000000000001,14.564583333333333,102.221875,15.403125000000001,,
62,N-TKL_884,2024-07-17,15.375,-0.05000000000000001,14.637291666666668,103.26875,15.310625,,
63,N-TKL_884,2024-07-18,14.665854166666668,-0.05000000000000001,14.105833333333335,101.31354166666667,14.613020833333332,,
64,N-TKL_884,2024-07-19,14.566072916666668,-0.05000000000000001,13.980416666666665,103.43958333333335,14.532499999999999,,
65,N-TKL_884,2024-07-20,15.311979166666667,-0.05000000000000001,14.249583333333334,103.40729166666667,15.292291666666666,,
66,N-TKL_884,2024-07-21,15.931197916666667,-0.05000000000000001,14.711041666666667,105.34791666666666,15.779270833333333,,
67,N-TKL_884,2024-07-22,16.183802083333333,-0.05000000000000001,14.742708333333333,107.47395833333333,15.999166666666667,,
68,N-TKL_884,2024-07-23,18.069395833333335,-0.05000000000000001,15.808958333333335,113.85625,17.8434375,,
69,N-TKL_884,2024-07-24,19.451270833333332,-0.05000000000000001,17.221458333333334,117.82604166666665,19.413958333333333,,
70,N-TKL_884,2024-07-25,20.1263125,-0.05000000000000001,18.033125000000002,122.28854166666667,20.046354166666667,,
71,N-TKL_884,2024-07-26,18.85796875,-0.05000000000000001,17.77145833333333,120.38229166666667,18.87875,,
72,N-TKL_884,2024-07-27,17.347604166666667,-0.05000000000000001,16.71229166666667,114.23020833333334,17.373437499999998,,
73,N-TKL_884,2024-07-28,17.01353125,-0.05000000000000001,16.319375,115.77291666666667,16.985416666666666,,
74,N-TKL_884,2024-07-29,15.963104166666668,-0.05000000000000001,15.635,111.675,15.997083333333334,,
75,N-TKL_884,2024-07-30,15.320364583333335,-0.05000000000000001,14.964583333333332,109.70416666666667,15.370937499999998,,
76,N-TKL_884,2024-07-31,14.896552083333333,-0.05000000000000001,14.747083333333334,110.36666666666667,14.8996875,,
77,N-TKL_884,2024-08-01,13.362916666666665,-0.05000000000000001,13.413333333333334,102.74479166666667,13.4071875,,
78,N-TKL_884,2024-08-02,13.123604166666667,-0.05000000000000001,13.081666666666665,101.23125,13.118333333333332,,
79,N-TKL_884,2024-08-03,13.092916666666667,-0.05000000000000001,12.923333333333334,103.51875,13.077916666666667,,
80,N-TKL_884,2024-08-04,12.496239583333335,-0.05000000000000001,12.405625,100.403125,12.510416666666666,,
81,N-TKL_884,2024-08-05,13.065958333333334,-0.05000000000000001,12.360416666666666,102.140625,12.950625,,
82,N-TKL_884,2024-08-06,13.788552083333334,-0.05000000000000001,12.600208333333333,101.91458333333333,13.537291666666667,,
83,N-TKL_884,2024-08-07,14.137364583333335,-0.05000000000000001,12.873750000000001,102.26666666666667,13.941354166666665,,
84,N-TKL_884,2024-08-08,14.686395833333334,-0.05000000000000001,13.178125,101.29375,14.464270833333332,,
85,N-TKL_884,2024-08-09,14.694010416666666,-0.05000000000000001,13.468541666666667,99.534375,14.5159375,,
86,N-TKL_884,2024-08-10,14.259625,-0.05000000000000001,13.443541666666667,103.80312500000001,14.207604166666668,,
87,N-TKL_884,2024-08-11,13.975187499999999,-0.05000000000000001,13.222708333333335,101.18333333333334,13.927395833333334,,
88,N-TKL_884,2024-08-12,14.117624999999999,-0.05000000000000001,13.320833333333333,104.215625,14.055937499999999,,
89,N-TKL_884,2024-08-13,12.82321875,-0.05000000000000001,12.795,103.26875,12.851354166666667,,
90,N-TKL_884,2024-08-14,11.283822916666667,-0.05000000000000001,11.573333333333332,95.71354166666667,11.337083333333332,,
91,N-TKL_884,2024-08-15,10.800791666666667,-0.05000000000000001,10.976041666666667,93.68229166666667,10.83875,,
92,N-TKL_884,2024-08-16,10.594864583333333,-0.05000000000000001,10.698749999999999,90.04791666666667,10.629166666666666,,
93,N-TKL_884,2024-08-17,9.694416666666667,-0.05000000000000001,9.989166666666668,84.99583333333334,9.7065625,,
94,N-TKL_884,2024-08-18,9.769770833333334,-0.05000000000000001,9.789583333333333,84.04583333333333,9.721979166666666,,
95,N-TKL_884,2024-08-19,9.95509375,-0.051562500000000004,9.803541666666666,84.75416666666666,9.924479166666666,,
96,N-TKL_884,2024-08-20,9.010625,-0.057916666666666665,9.289375,80.590625,9.03,,
97,N-TKL_884,2024-08-21,8.646166666666668,-0.06,8.850624999999999,79.10833333333333,8.686666666666666,,
98,N-TKL_884,2024-08-22,9.190416666666666,4.531458333333333,9.154583333333333,48.21875,9.1159375,,
99,N-TKL_884,2024-08-23,19.822197916666667,9.392083333333334,19.638125,1.8,19.36625,,
100,N-TKL_884,2024-08-24,20.143927083333335,9.3825,19.932708333333334,1.3718750000000002,19.867708333333333,,
101,N-TKL_884,2024-08-25,19.177812499999998,9.5621875,19.060416666666665,1.5999999999999999,19.5028125,,
102,N-TKL_884,2024-08-26,19.3555,9.489895833333334,19.204375000000002,1.425,19.8603125,,
103,N-TKL_884,2024-08-27,19.632562500000002,9.392604166666667,19.546458333333334,1.4625000000000001,20.106145833333333,,
104,N-TKL_884,2024-08-28,19.162947916666667,9.535729166666666,19.049583333333334,1.4083333333333334,19.60125,,
105,N-TKL_884,2024-08-29,18.96917708333333,9.655833333333334,18.810624999999998,1.0291666666666666,19.3509375,,
106,N-TKL_884,2024-08-30,18.9976875,9.666354166666666,18.835,1.6822916666666667,19.474791666666665,,
107,N-TKL_884,2024-08-31,19.03682291666667,9.6734375,18.855,1.2916666666666667,19.494791666666668,,
108,N-TKL_884,2024-09-01,19.05570833333333,9.670416666666666,18.88625,1.6083333333333334,19.551875,,
109,N-TKL_884,2024-09-02,15.492822916666666,10.354895833333334,15.583125,1.6624999999999999,15.943541666666667,,
110,N-TKL_884,2024-09-03,10.100166666666667,11.802083333333334,9.32,1.8125,10.300416666666667,,
111,N-TKL_884,2024-09-04,15.553072916666666,10.515729166666667,14.222291666666665,1.9375,17.4109375,,
112,N-TKL_884,2024-09-05,12.973395833333333,10.873541666666666,11.862291666666666,1.6333333333333335,13.540416666666667,,
113,N-TKL_884,2024-09-06,21.005979166666666,9.181979166666666,20.509583333333335,1.7375,21.29072916666667,,
114,N-TKL_884,2024-09-07,21.579177083333335,9.094791666666667,21.709374999999998,2.2020833333333334,20.857083333333332,,
115,N-TKL_884,2024-09-08,20.948270833333336,9.216979166666667,20.990416666666665,1.9749999999999999,20.0334375,,
116,N-TKL_884,2024-09-09,21.17115625,9.194687499999999,21.12125,2.1375,21.44,,
117,N-TKL_884,2024-09-10,21.07376041666667,9.194895833333334,21.040625000000002,1.9333333333333333,21.6790625,,
118,N-TKL_884,2024-09-11,21.1260625,9.116041666666666,21.0675,2.2625,21.93885416666667,,
119,N-TKL_884,2024-09-12,21.100052083333335,9.022291666666666,21.051666666666666,2.613541666666667,21.952604166666664,,
120,N-TKL_884,2024-09-13,21.463968750000003,9.040520833333334,21.442916666666665,2.4562500000000003,22.1434375,,
121,N-TKL_884,2024-09-14,20.027947916666665,9.295,20.015208333333334,2.0125,19.14,,
122,N-TKL_884,2024-09-15,20.628791666666668,9.110625,20.737083333333334,1.8541666666666667,19.764895833333334,,
123,N-TKL_884,2024-09-16,21.33065625,9.062291666666667,21.311041666666664,2.1583333333333337,21.485208333333333,,
124,N-TKL_884,2024-09-17,21.109760416666667,9.110104166666668,21.023958333333333,1.9625000000000001,21.194270833333334,,
125,N-TKL_884,2024-09-18,21.273572916666666,9.06,21.193125,1.8223880597014928,21.19731343283582,,
126,N-TKL_884,2024-09-19,21.28884375,9.158064516129032,21.21193548387097,,,,
127,N-TKL_884,2024-09-20,20.87635416666667,,,,,,
128,N-TKL_884,2024-09-21,20.823614583333335,,,,,,
129,N-TKL_884,2024-09-22,19.511614583333333,,,,,,
130,N-TKL_884,2024-09-23,22.954510416666665,,,,,,
131,N-TKL_884,2024-09-24,19.742270833333333,,,,,,
132,N-TKL_884,2024-09-25,17.134085714285714,,,,,,
133,N_TKL_524,2024-05-16,21.62159375,,,,,,
134,N_TKL_524,2024-05-17,18.867916666666666,,,,,,
135,N_TKL_524,2024-05-18,20.252270833333334,,,,,,
136,N_TKL_524,2024-05-19,19.869531249999998,,,,,,
137,N_TKL_524,2024-05-20,20.789437500000002,,,,,,
138,N_TKL_524,2024-05-21,20.766322916666667,,,,,,
139,N_TKL_524,2024-05-22,21.054552083333334,,,,,,
140,N_TKL_524,2024-05-23,19.96801041666667,,,,,,
141,N_TKL_524,2024-05-24,13.955375000000002,,,,,,
142,N_TKL_524,2024-05-25,9.296156250000001,,,,,,
143,N_TKL_524,2024-05-26,6.798541666666666,,,,,,
144,N_TKL_524,2024-05-27,6.94459375,,,,,,
145,N_TKL_524,2024-05-28,8.783104166666666,,,,,,
146,N_TKL_524,2024-05-29,11.348770833333333,,,,,0.0,13.96453125
147,N_TKL_524,2024-05-30,15.756385416666667,,,,,0.1125,16.37696875
148,N_TKL_524,2024-05-31,17.444020833333333,,,,,245.21458333333337,17.55276041666667
149,N_TKL_524,2024-06-01,15.049510416666665,,,,,3319.446875,15.90321875
150,N_TKL_524,2024-06-02,10.540531249999999,,,,,5332.982291666666,10.982145833333334
151,N_TKL_524,2024-06-03,7.387041666666666,,,,,4606.63125,7.806697916666667
152,N_TKL_524,2024-06-04,6.938624999999999,,,,,3323.8145833333333,7.342958333333333
153,N_TKL_524,2024-06-05,8.279291666666667,,,,,1519.5093749999999,9.241416666666668
154,N_TKL_524,2024-06-06,9.62609375,,,,,1556.5114583333334,10.118770833333334
155,N_TKL_524,2024-06-07,9.753302083333333,,,,,1307.3760416666667,10.674552083333333
156,N_TKL_524,2024-06-08,13.79475,,,,,2054.344791666667,14.313010416666666
157,N_TKL_524,2024-06-09,14.85071875,,,,,1578.1552083333333,15.271458333333333
158,N_TKL_524,2024-06-10,16.236718749999998,,,,,1835.3635416666666,17.06134375
159,N_TKL_524,2024-06-11,15.730635416666667,,,,,2047.5,16.518729166666667
160,N_TKL_524,2024-06-12,15.649927083333333,,,,,1702.0531250000001,16.520489583333333
161,N_TKL_524,2024-06-13,14.00546875,,,,,877.375,14.72025
162,N_TKL_524,2024-06-14,13.925239583333335,,,,,950.4802083333334,14.511864583333333
163,N_TKL_524,2024-06-15,13.5174375,,,,,1657.5375000000001,14.4215625
164,N_TKL_524,2024-06-16,14.366739583333334,,,,,1847.2479166666665,15.327333333333334
165,N_TKL_524,2024-06-17,15.274895833333334,,,,,1679.9604166666668,15.945614583333333
166,N_TKL_524,2024-06-18,13.9245,,,,,684.4125,14.504416666666666
167,N_TKL_524,2024-06-19,13.6801875,,,,,1900.7364583333335,14.584760416666667
168,N_TKL_524,2024-06-20,15.943677083333334,,,,,2251.014583333333,16.96410416666667
169,N_TKL_524,2024-06-21,17.153458333333333,,,,,2037.4145833333332,18.2068125
170,N_TKL_524,2024-06-22,17.583875,,,,,1451.8989583333332,18.237427083333333
171,N_TKL_524,2024-06-23,16.814104166666667,,,,,1138.8458333333333,17.413197916666665
172,N_TKL_524,2024-06-24,16.44575,,,,,1046.3500000000001,17.326083333333333
173,N_TKL_524,2024-06-25,17.568614583333332,,,,,946.21875,18.079854166666667
174,N_TKL_524,2024-06-26,18.77853125,,,,,766.5968750000001,19.280427083333333
175,N_TKL_524,2024-06-27,19.455947916666666,,,,,716.3625000000001,20.181625
176,N_TKL_524,2024-06-28,19.890333333333334,,,,,556.2520833333333,20.477083333333333
177,N_TKL_524,2024-06-29,19.6036875,,,,,794.96875,21.0139375
178,N_TKL_524,2024-06-30,20.459239583333332,,,,,884.2156249999999,21.422104166666667
179,N_TKL_524,2024-07-01,19.77115625,,,,,1117.55,20.675250000000002
180,N_TKL_524,2024-07-02,17.178833333333333,,,,,176.15,17.799052083333333
181,N_TKL_524,2024-07-03,10.812375000000001,,,,,388.9635416666667,13.52915625
182,N_TKL_524,2024-07-04,12.322395833333333,,,,,484.26458333333335,12.851093749999999
183,N_TKL_524,2024-07-05,11.910260416666667,,,,,295.0,12.46575
184,N_TKL_524,2024-07-06,11.297322916666667,,,,,666.4697916666667,12.047291666666666
185,N_TKL_524,2024-07-07,11.997135416666666,,,,,1196.59375,12.858739583333334
186,N_TKL_524,2024-07-08,12.313489583333334,,,,,1257.9312499999999,13.065354166666667
187,N_TKL_524,2024-07-09,12.370343750000002,,,,,795.525,13.155197916666665
188,N_TKL_524,2024-07-10,12.711958333333333,,,,,624.0895833333333,13.119677083333334
189,N_TKL_524,2024-07-11,13.749614583333333,,,,,1244.1395833333333,14.489989583333333
190,N_TKL_524,2024-07-12,14.910604166666667,,,,,759.4187499999999,16.19015625
191,N_TKL_524,2024-07-13,15.65621875,,,,,638.6666666666666,16.265135416666666
192,N_TKL_524,2024-07-14,15.090854166666666,,,,,329.20104166666664,15.801250000000001
193,N_TKL_524,2024-07-15,14.261072916666668,,,,,502.546875,15.036208333333335
194,N_TKL_524,2024-07-16,14.034572916666667,,,,,733.8552083333334,14.873395833333333
195,N_TKL_524,2024-07-17,13.758020833333333,,,,,564.6583333333333,14.622447916666667
196,N_TKL_524,2024-07-18,13.676562500000001,,,,,550.3052083333333,14.101041666666667
197,N_TKL_524,2024-07-19,13.694927083333333,,,,,579.3520833333333,14.130479166666667
198,N_TKL_524,2024-07-20,14.236010416666666,,,,,686.3135416666668,15.020947916666666
199,N_TKL_524,2024-07-21,14.629354166666667,,,,,327.29062500000003,15.347916666666668
200,N_TKL_524,2024-07-22,14.635166666666668,,,,,621.6166666666667,15.720427083333334
201,N_TKL_524,2024-07-23,16.498302083333332,,,,,636.3104166666666,18.572604166666668
202,N_TKL_524,2024-07-24,18.392104166666666,,,,,985.8000000000001,20.467020833333333
203,N_TKL_524,2024-07-25,19.08815625,,,,,453.54583333333335,20.518885416666667
204,N_TKL_524,2024-07-26,16.905697916666668,,,,,267.528125,17.581333333333333
205,N_TKL_524,2024-07-27,15.695468750000002,,,,,637.5385416666667,16.357458333333334
206,N_TKL_524,2024-07-28,15.945479166666667,,,,,382.34999999999997,16.406208333333336
207,N_TKL_524,2024-07-29,14.95965625,,,,,438.3,15.69540625
208,N_TKL_524,2024-07-30,14.164864583333333,,,,,569.7062500000001,14.8783125
209,N_TKL_524,2024-07-31,13.675197916666667,,,,,109.99374999999999,14.158114583333335
210,N_TKL_524,2024-08-01,11.932895833333333,,,,,449.50624999999997,12.694364583333334
211,N_TKL_524,2024-08-02,12.3294375,,,,,450.06874999999997,12.779333333333334
212,N_TKL_524,2024-08-03,12.187479166666668,,,,,161.46354166666666,12.513020833333334
213,N_TKL_524,2024-08-04,12.232885416666667,,,,,209.671875,12.550072916666666
214,N_TKL_524,2024-08-05,12.941218749999999,,,,,173.90520833333335,13.45815625
215,N_TKL_524,2024-08-06,13.991989583333334,,,,,263.2708333333333,14.467958333333334
216,N_TKL_524,2024-08-07,13.7456875,,,,,199.9177083333333,14.252510416666667
217,N_TKL_524,2024-08-08,13.65684375,,,,,284.796875,14.432229166666666
218,N_TKL_524,2024-08-09,13.2996875,,,,,273.0239583333333,14.136583333333334
219,N_TKL_524,2024-08-10,13.27734375,,,,,265.51145833333334,13.830645833333334
220,N_TKL_524,2024-08-11,12.631010416666667,,,,,258.559375,13.307760416666667
221,N_TKL_524,2024-08-12,12.95725,,,,,273.7,13.472666666666667
222,N_TKL_524,2024-08-13,11.977833333333335,,,,,50.45729166666666,12.33228125
223,N_TKL_524,2024-08-14,11.006197916666666,,,,,118.07187499999999,11.400302083333335
224,N_TKL_524,2024-08-15,10.53309375,,,,,166.39479166666666,10.867302083333334
225,N_TKL_524,2024-08-16,10.402010416666666,,,,,207.98749999999998,10.968072916666666
226,N_TKL_524,2024-08-17,9.846447916666667,,,,,151.37395833333332,10.218989583333334
227,N_TKL_524,2024-08-18,10.281875,,,,,135.33333333333334,10.641
228,N_TKL_524,2024-08-19,10.020614583333334,,,,,313.8364583333333,10.402552083333333
229,N_TKL_524,2024-08-20,10.546052083333334,,,,,221.10833333333332,11.096031250000001
230,N_TKL_524,2024-08-21,18.904239583333332,,,,,0.0,19.291552083333332
231,N_TKL_524,2024-08-22,18.143333333333334,,,,,10.092708333333333,18.870677083333334
232,N_TKL_524,2024-08-23,20.071083333333334,,,,,4.934375,20.37788541666667
233,N_TKL_524,2024-08-24,20.05365625,,,,,3.813541666666666,20.33457291666667
234,N_TKL_524,2024-08-25,19.243197916666666,,,,,0.0,19.606989583333334
235,N_TKL_524,2024-08-26,19.503520833333333,,,,,0.0,19.863812499999998
236,N_TKL_524,2024-08-27,19.721812500000002,,,,,0.0,20.0165
237,N_TKL_524,2024-08-28,19.2608125,,,,,0.0,19.596072916666667
238,N_TKL_524,2024-08-29,19.005114583333334,,,,,0.0,19.335562499999998
239,N_TKL_524,2024-08-30,19.05965625,,,,,0.0,19.31446875
240,N_TKL_524,2024-08-31,19.122604166666665,,,,,0.0,19.407697916666667
241,N_TKL_524,2024-09-01,19.132447916666667,,,,,0.0,19.396854166666667
242,N_TKL_524,2024-09-02,15.320333333333332,,,,,1.90625,15.824270833333332
243,N_TKL_524,2024-09-03,9.92478125,,,,,0.0,10.2404375
244,N_TKL_524,2024-09-04,18.032875,,,,,0.0,15.4709375
245,N_TKL_524,2024-09-05,13.717947916666667,,,,,0.0,13.1544375
246,N_TKL_524,2024-09-06,20.897333333333332,,,,,0.0,21.22821875
247,N_TKL_524,2024-09-07,20.844677083333334,,,,,0.0,21.728114583333333
248,N_TKL_524,2024-09-08,20.339645833333332,,,,,0.0,21.1831875
249,N_TKL_524,2024-09-09,20.66782291666667,,,,,0.0,21.359854166666665
250,N_TKL_524,2024-09-10,20.750302083333334,,,,,0.0,21.283364583333334
251,N_TKL_524,2024-09-11,20.72246875,,,,,0.0,21.309052083333334
252,N_TKL_524,2024-09-12,20.712500000000002,,,,,0.0,21.288145833333335
253,N_TKL_524,2024-09-13,21.0995,,,,,0.0,21.6814375
254,N_TKL_524,2024-09-14,19.380052083333332,,,,,0.0,20.29328125
255,N_TKL_524,2024-09-15,19.834729166666666,,,,,0.0,20.788406249999998
256,N_TKL_524,2024-09-16,20.735916666666668,,,,,0.0,21.500218750000002
257,N_TKL_524,2024-09-17,20.554239583333334,,,,,0.0,21.273322916666668
258,N_TKL_524,2024-09-18,20.68809090909091,,,,,0.0,21.461322916666663
259,N_TKL_524,2024-09-19,,,,,,0.22395833333333334,21.50645833333333
260,N_TKL_524,2024-09-20,,,,,,0.5625,21.052625
261,N_TKL_524,2024-09-21,,,,,,2.915625,20.479218749999998
262,N_TKL_524,2024-09-22,,,,,,0.0,18.445583333333335
263,N_TKL_524,2024-09-23,,,,,,1.8,20.827458333333333
264,N_TKL_524,2024-09-24,,,,,,0.45,21.053635416666665
265,N_TKL_524,2024-09-25,,,,,,0.4628571428571429,21.0967
266,N_TKL_917,2024-05-16,21.71103125,,,,,,
267,N_TKL_917,2024-05-17,18.690822916666665,,,,,,
268,N_TKL_917,2024-05-18,20.15882291666667,,,,,,
269,N_TKL_917,2024-05-19,19.794625,,,,,,
270,N_TKL_917,2024-05-20,20.673989583333334,,,,,,
271,N_TKL_917,2024-05-21,20.658385416666665,,,,,,
272,N_TKL_917,2024-05-22,20.9319375,,,,,,
273,N_TKL_917,2024-05-23,19.8955625,,,,,,
274,N_TKL_917,2024-05-24,14.221395833333332,,,,,,
275,N_TKL_917,2024-05-25,9.999322916666667,,,,,,
276,N_TKL_917,2024-05-26,7.193947916666667,,,,,,
277,N_TKL_917,2024-05-27,7.824302083333333,,,,,,
278,N_TKL_917,2024-05-28,9.439552083333334,,,,,,
279,N_TKL_917,2024-05-29,12.178302083333334,,,,,0.0,13.6250625
280,N_TKL_917,2024-05-30,16.150229166666666,10.524583333333334,14.809166666666668,,,0.3364583333333333,16.1905
281,N_TKL_917,2024-05-31,13.480614583333333,10.726770833333333,13.58,,,0.0,13.488635416666668
282,N_TKL_917,2024-06-01,9.64046875,11.637395833333334,9.423333333333334,,,3823.1104166666664,16.978979166666665
283,N_TKL_917,2024-06-02,9.990364583333333,11.322291666666667,10.491458333333334,,,171.66354166666667,14.1973125
284,N_TKL_917,2024-06-03,7.829249999999999,12.244583333333333,7.146249999999999,,,1636.5774647887324,8.899112676056339
285,N_TKL_917,2024-06-04,6.72928125,12.091041666666667,7.339166666666666,,,,
286,N_TKL_917,2024-06-05,5.722697916666667,6.762395833333334,5.26375,,,,
287,N_TKL_917,2024-06-06,4.437145833333333,0.018958333333333334,3.79125,,,,
288,N_TKL_917,2024-06-07,4.452635416666666,-0.02,3.821875,,,,
289,N_TKL_917,2024-06-08,5.83940625,-0.021770833333333333,4.335416666666666,,,,
290,N_TKL_917,2024-06-09,8.452072916666667,-0.03,6.034375,,,,
291,N_TKL_917,2024-06-10,10.400427083333334,-0.016770833333333332,7.296875,,,,
292,N_TKL_917,2024-06-11,10.91346875,0.30614583333333334,8.559791666666667,,,,
293,N_TKL_917,2024-06-12,10.3435,0.6610416666666666,8.421666666666667,,,,
294,N_TKL_917,2024-06-13,10.473708333333333,1.1935416666666667,8.655624999999999,,,,
295,N_TKL_917,2024-06-14,10.56965625,0.6146874999999999,8.863333333333333,,,,
296,N_TKL_917,2024-06-15,10.536145833333334,0.2920833333333333,8.936666666666666,,,,
297,N_TKL_917,2024-06-16,10.6554375,0.17833333333333334,9.065208333333333,,,,
298,N_TKL_917,2024-06-17,11.59884375,0.1153125,9.56625,,,,
299,N_TKL_917,2024-06-18,12.233760416666668,0.086875,10.179583333333333,,,,
300,N_TKL_917,2024-06-19,11.848437500000001,0.036041666666666666,10.227916666666667,,,,
301,N_TKL_917,2024-06-20,12.100072916666667,0.001979166666666667,10.381666666666666,,,,
302,N_TKL_917,2024-06-21,12.4415,-0.006875,10.708541666666667,,,,
303,N_TKL_917,2024-06-22,12.985010416666666,-0.0043749999999999995,11.073125,,,,
304,N_TKL_917,2024-06-23,13.873427083333333,-0.014791666666666667,11.656875,,,,
305,N_TKL_917,2024-06-24,14.088708333333335,-0.02,12.04125,,,,
306,N_TKL_917,2024-06-25,14.866479166666666,-0.02,12.498958333333334,,,,
307,N_TKL_917,2024-06-26,15.403291666666668,-0.02,13.000208333333333,,,,
308,N_TKL_917,2024-06-27,16.167416666666664,-0.02,13.657708333333334,,,,
309,N_TKL_917,2024-06-28,16.735604166666665,-0.02,14.179791666666667,,,,
310,N_TKL_917,2024-06-29,16.674625,-0.02,14.403333333333334,,,,
311,N_TKL_917,2024-06-30,16.91689583333333,-0.021041666666666667,14.696875,,,,
312,N_TKL_917,2024-07-01,17.408927083333335,-0.023333333333333334,15.0525,,,,
313,N_TKL_917,2024-07-02,17.315354166666665,-0.022708333333333334,15.331875000000002,,,,
314,N_TKL_917,2024-07-03,12.396052083333332,-0.02,12.791041666666667,,,,
315,N_TKL_917,2024-07-04,11.1728125,-0.02,11.271666666666667,,,,
316,N_TKL_917,2024-07-05,10.764072916666668,-0.02,10.66375,,,,
317,N_TKL_917,2024-07-06,10.218229166666667,-0.02,10.117083333333333,,,,
318,N_TKL_917,2024-07-07,11.250364583333335,-0.02,10.465833333333334,,,,
319,N_TKL_917,2024-07-08,10.7171875,-0.02,10.22375,,,,
320,N_TKL_917,2024-07-09,11.178437500000001,-0.02,10.39375,,,,
321,N_TKL_917,2024-07-10,11.272802083333334,-0.02,10.435833333333333,,,,
322,N_TKL_917,2024-07-11,11.605729166666668,-0.02,10.585416666666667,,,,
323,N_TKL_917,2024-07-12,12.307447916666668,-0.020729166666666667,10.960208333333334,,,,
324,N_TKL_917,2024-07-13,13.2019375,-0.02614583333333333,11.534374999999999,,,,
325,N_TKL_917,2024-07-14,13.904822916666667,-0.029375,12.165416666666667,,,,
326,N_TKL_917,2024-07-15,13.273895833333334,-0.020104166666666666,12.103333333333333,,,,
327,N_TKL_917,2024-07-16,12.993812499999999,-0.02,11.932708333333332,,,,
328,N_TKL_917,2024-07-17,12.688072916666668,-0.02,11.746666666666668,,,,
329,N_TKL_917,2024-07-18,12.665739583333334,-0.02,11.647916666666667,,,,
330,N_TKL_917,2024-07-19,12.871104166666667,-0.02,11.779375,,,,
331,N_TKL_917,2024-07-20,12.758968750000001,-0.02,11.73625,,,,
332,N_TKL_917,2024-07-21,13.02625,-0.02,11.865625,,,,
333,N_TKL_917,2024-07-22,13.082125,-0.02,11.914166666666667,,,,
334,N_TKL_917,2024-07-23,13.432135416666666,-0.020104166666666666,12.116666666666667,,,,
335,N_TKL_917,2024-07-24,13.831249999999999,-0.022395833333333334,12.390208333333334,,,,
336,N_TKL_917,2024-07-25,14.224916666666667,-0.02291666666666667,12.688125,,,,
337,N_TKL_917,2024-07-26,15.52696875,-0.028854166666666667,13.378750000000002,,,,
338,N_TKL_917,2024-07-27,15.210666666666667,-0.0253125,13.619375,,,,
339,N_TKL_917,2024-07-28,14.780166666666666,-0.02,13.459583333333333,,,,
340,N_TKL_917,2024-07-29,14.947489583333335,-0.020104166666666666,13.514375000000001,,,,
341,N_TKL_917,2024-07-30,14.030500000000002,-0.02,13.271666666666667,,,,
342,N_TKL_917,2024-07-31,13.576916666666667,-0.02,12.807291666666666,,,,
343,N_TKL_917,2024-08-01,12.192604166666667,-0.02,12.051458333333334,,,,
344,N_TKL_917,2024-08-02,11.75353125,-0.02,11.474166666666667,,,,
345,N_TKL_917,2024-08-03,11.900489583333334,-0.02,11.328958333333333,,,,
346,N_TKL_917,2024-08-04,11.668458333333334,-0.02,11.196666666666665,,,,
347,N_TKL_917,2024-08-05,11.8461875,-0.02,11.155000000000001,,,,
348,N_TKL_917,2024-08-06,12.065489583333333,-0.02,11.221666666666666,,,,
349,N_TKL_917,2024-08-07,12.432770833333334,-0.02,11.432708333333332,,,,
350,N_TKL_917,2024-08-08,12.559166666666668,-0.02,11.55375,,,,
351,N_TKL_917,2024-08-09,12.612250000000001,-0.02,11.643958333333332,,,,
352,N_TKL_917,2024-08-10,12.532614583333334,-0.02,11.631041666666667,,,,
353,N_TKL_917,2024-08-11,12.464833333333333,-0.02,11.611875,,,,
354,N_TKL_917,2024-08-12,12.413114583333334,-0.02,11.556249999999999,,,,
355,N_TKL_917,2024-08-13,11.9700625,-0.02,11.428958333333334,,,,
356,N_TKL_917,2024-08-14,10.7365625,-0.02,10.689791666666666,,,,
357,N_TKL_917,2024-08-15,10.346239583333334,-0.02,10.220625,,,,
358,N_TKL_917,2024-08-16,10.359239583333332,-0.02,10.098541666666668,,,,
359,N_TKL_917,2024-08-17,9.564729166666668,-0.02,9.637708333333334,,,,
360,N_TKL_917,2024-08-18,9.143958333333334,-0.02,9.208541666666667,,,,
361,N_TKL_917,2024-08-19,9.444510416666667,-0.02,9.172500000000001,,,,
362,N_TKL_917,2024-08-20,8.724552083333334,-0.02,8.860208333333334,,,,
363,N_TKL_917,2024-08-21,8.39721875,-0.02,8.475208333333333,,,,
364,N_TKL_917,2024-08-22,8.22525,-0.02,8.275833333333333,,,,
365,N_TKL_917,2024-08-23,12.79659375,4.484583333333333,12.425208333333332,,,,
366,N_TKL_917,2024-08-24,20.056291666666667,9.579479166666667,20.018958333333334,,,,
367,N_TKL_917,2024-08-25,19.230583333333332,9.706666666666667,19.256875,,,,
368,N_TKL_917,2024-08-26,19.472708333333333,9.536979166666667,19.756666666666664,,,,
369,N_TKL_917,2024-08-27,19.639760416666665,9.433124999999999,19.856666666666666,,,,
370,N_TKL_917,2024-08-28,19.232614583333334,9.536354166666667,19.358333333333334,,,,
371,N_TKL_917,2024-08-29,19.073249999999998,9.6540625,19.11104166666667,,,,
372,N_TKL_917,2024-08-30,19.113937500000002,9.665104166666667,19.286041666666666,,,,
373,N_TKL_917,2024-08-31,19.254854166666664,9.669375,19.339583333333334,,,,
374,N_TKL_917,2024-09-01,19.174885416666665,9.6665625,19.363541666666666,,,,
375,N_TKL_917,2024-09-02,15.337052083333333,10.2996875,15.944375,,,,
376,N_TKL_917,2024-09-03,9.928333333333333,11.883541666666666,9.197916666666666,,,,
377,N_TKL_917,2024-09-04,18.043979166666666,10.002395833333333,16.705208333333335,,,,
378,N_TKL_917,2024-09-05,13.717520833333333,10.4925,13.549791666666666,,,,
379,N_TKL_917,2024-09-06,20.90282291666667,9.244270833333333,20.38145833333333,,,,
380,N_TKL_917,2024-09-07,20.819020833333333,9.374583333333334,20.674166666666668,,,,
381,N_TKL_917,2024-09-08,20.331708333333335,9.497395833333334,19.936666666666667,,,,
382,N_TKL_917,2024-09-09,20.64105208333333,9.34625,20.739791666666665,,,,
383,N_TKL_917,2024-09-10,20.729499999999998,9.303645833333333,20.917916666666667,,,,
384,N_TKL_917,2024-09-11,20.699291666666667,9.206875,21.02958333333333,,,,
385,N_TKL_917,2024-09-12,20.69175,9.1115625,21.0025,,,,
386,N_TKL_917,2024-09-13,21.086010416666667,9.1334375,21.415208333333336,,,,
387,N_TKL_917,2024-09-14,19.393729166666667,9.565208333333333,19.00375,,,,
388,N_TKL_917,2024-09-15,19.855791666666665,9.382708333333333,19.616875,,,,
389,N_TKL_917,2024-09-16,20.700395833333335,9.241979166666667,20.875,,,,
390,N_TKL_917,2024-09-17,20.505677083333335,9.247708333333334,20.79125,,,,
391,N_TKL_917,2024-09-18,20.630523076923076,9.181304347826087,20.87130434782609,,,,
392,RCBP2.1,2024-05-16,21.61415625,,,,,,
393,RCBP2.1,2024-05-17,18.730427083333336,,,,,,
394,RCBP2.1,2024-05-18,20.482427083333334,,,,,,
395,RCBP2.1,2024-05-19,19.990604166666667,,,,,,
396,RCBP2.1,2024-05-20,20.98148958333333,,,,,,
397,RCBP2.1,2024-05-21,20.817229166666667,,,,,,
398,RCBP2.1,2024-05-22,21.052291666666665,,,,,,
399,RCBP2.1,2024-05-23,20.052270833333335,,,,,,
400,RCBP2.1,2024-05-24,14.565885416666667,,,,,,
401,RCBP2.1,2024-05-25,10.158885416666667,,,,,,
402,RCBP2.1,2024-05-26,7.631427083333333,,,,,,
403,RCBP2.1,2024-05-27,7.851708333333334,,,,,,
404,RCBP2.1,2024-05-28,9.70146875,,,,,,
405,RCBP2.1,2024-05-29,12.109458333333334,,,,,0.671875,13.75128125
406,RCBP2.1,2024-05-30,15.692895833333333,,,,,0.3364583333333333,16.15928125
407,RCBP2.1,2024-05-31,17.3596875,,,,,0.0,13.821166666666665
408,RCBP2.1,2024-06-01,14.268708333333334,,,,,7305.3625,11.882114583333333
409,RCBP2.1,2024-06-02,3.3388125,,,,,10591.290625,4.017864583333333
410,RCBP2.1,2024-06-03,2.1725833333333333,,,,,10967.238541666666,2.7064687499999995
411,RCBP2.1,2024-06-04,2.453427083333333,,,,,10966.00625,2.9495312499999997
412,RCBP2.1,2024-06-05,4.0512395833333334,,,,,16322.314583333333,4.81615625
413,RCBP2.1,2024-06-06,4.345114583333333,,,,,13482.646875,4.9136041666666666
414,RCBP2.1,2024-06-07,4.565885416666666,,,,,11914.578125,5.239229166666667
415,RCBP2.1,2024-06-08,6.841083333333334,,,,,14353.516666666668,7.5796979166666665
416,RCBP2.1,2024-06-09,7.4753541666666665,,,,,9394.703125,7.9695
417,RCBP2.1,2024-06-10,7.714510416666666,,,,,11375.706250000001,8.355958333333334
418,RCBP2.1,2024-06-11,7.278291666666667,,,,,12083.44375,7.991072916666667
419,RCBP2.1,2024-06-12,5.430489583333333,,,,,11746.731249999999,6.100937500000001
420,RCBP2.1,2024-06-13,4.323645833333333,,,,,8384.564583333333,4.75425
421,RCBP2.1,2024-06-14,4.422375,,,,,7514.695833333334,4.848385416666667
422,RCBP2.1,2024-06-15,5.0095729166666665,,,,,11175.008333333333,5.636166666666667
423,RCBP2.1,2024-06-16,6.626239583333334,,,,,11548.949999999999,7.349125
424,RCBP2.1,2024-06-17,6.828833333333333,,,,,9823.123958333334,7.504270833333333
425,RCBP2.1,2024-06-18,4.468489583333334,,,,,2955.495833333333,4.624604166666667
426,RCBP2.1,2024-06-19,5.129447916666667,,,,,4825.957291666667,5.587604166666666
427,RCBP2.1,2024-06-20,6.927,,,,,6083.101041666666,7.409020833333333
428,RCBP2.1,2024-06-21,7.142927083333333,,,,,8643.464583333332,7.82996875
429,RCBP2.1,2024-06-22,7.484625,,,,,8160.309375,8.101416666666667
430,RCBP2.1,2024-06-23,7.536979166666666,,,,,7845.131249999999,8.16696875
431,RCBP2.1,2024-06-24,7.94025,,,,,6854.626041666666,8.49784375
432,RCBP2.1,2024-06-25,8.284885416666667,,,,,4841.765625,8.77159375
433,RCBP2.1,2024-06-26,9.916802083333334,,,,,5765.553124999999,10.486927083333333
434,RCBP2.1,2024-06-27,10.673677083333333,,,,,4180.783333333334,11.28546875
435,RCBP2.1,2024-06-28,9.512479166666667,,,,,3838.025,10.05675
436,RCBP2.1,2024-06-29,9.507958333333333,,,,,3773.4406249999997,10.1629375
437,RCBP2.1,2024-06-30,9.825302083333334,,,,,5247.540625000001,10.4955
438,RCBP2.1,2024-07-01,9.843604166666667,,,,,5727.441666666667,10.527468749999999
439,RCBP2.1,2024-07-02,7.588854166666667,,,,,318.659375,7.777885416666667
440,RCBP2.1,2024-07-03,4.28025,,,,,0.0,4.4504166666666665
441,RCBP2.1,2024-07-04,3.71346875,,,,,0.0,3.9625625
442,RCBP2.1,2024-07-05,3.418125,,,,,0.0,3.593833333333333
443,RCBP2.1,2024-07-06,3.7230000000000003,,,,,0.6750000000000002,3.9306145833333335
444,RCBP2.1,2024-07-07,4.702041666666667,,,,,6.054166666666667,4.9606875
445,RCBP2.1,2024-07-08,5.36603125,,,,,11.216666666666667,5.675989583333333
446,RCBP2.1,2024-07-09,4.59325,,,,,2.0208333333333335,4.852291666666667
447,RCBP2.1,2024-07-10,4.9771875,,,,,5.276041666666667,5.23209375
448,RCBP2.1,2024-07-11,7.176333333333333,,,,,12.680208333333333,7.5354375000000005
449,RCBP2.1,2024-07-12,8.00815625,,,,,4.604166666666667,8.3185
450,RCBP2.1,2024-07-13,7.945739583333332,,,,,12.112499999999999,8.375416666666666
451,RCBP2.1,2024-07-14,7.290802083333333,,,,,4.263541666666667,7.569083333333334
452,RCBP2.1,2024-07-15,4.31175,,,,,0.1125,4.585364583333333
453,RCBP2.1,2024-07-16,5.215833333333333,,,,,8.636458333333334,5.4822291666666665
454,RCBP2.1,2024-07-17,5.295270833333333,,,,,0.8989583333333334,5.5465625
455,RCBP2.1,2024-07-18,5.001364583333333,,,,,3.705208333333333,5.223614583333333
456,RCBP2.1,2024-07-19,6.000541666666667,,,,,1.796875,6.254958333333334
457,RCBP2.1,2024-07-20,6.806291666666667,,,,,8.189583333333333,7.206489583333333
458,RCBP2.1,2024-07-21,6.634697916666667,,,,,0.0,6.831166666666667
459,RCBP2.1,2024-07-22,6.270218750000001,,,,,2.8041666666666667,6.567208333333333
460,RCBP2.1,2024-07-23,8.0363125,,,,,5.495833333333334,8.643927083333333
461,RCBP2.1,2024-07-24,10.121885416666666,,,,,5.833333333333333,10.666375
462,RCBP2.1,2024-07-25,8.372427083333333,,,,,0.5625,8.827666666666667
463,RCBP2.1,2024-07-26,7.135833333333333,,,,,0.0,7.319864583333334
464,RCBP2.1,2024-07-27,6.8719375000000005,,,,,2.25,7.193302083333333
465,RCBP2.1,2024-07-28,7.802697916666666,,,,,0.0,8.194864583333333
466,RCBP2.1,2024-07-29,6.342333333333333,,,,,0.44895833333333335,6.5893854166666666
467,RCBP2.1,2024-07-30,6.1617187499999995,,,,,6.055208333333333,6.453614583333334
468,RCBP2.1,2024-07-31,5.882958333333334,,,,,0.0,6.08890625
469,RCBP2.1,2024-08-01,5.1864791666666665,,,,,0.0,5.3827187499999996
470,RCBP2.1,2024-08-02,5.44175,,,,,0.0,5.6501875
471,RCBP2.1,2024-08-03,5.649489583333334,,,,,0.0,5.841864583333333
472,RCBP2.1,2024-08-04,6.022447916666667,,,,,0.0,6.194645833333333
473,RCBP2.1,2024-08-05,6.188760416666667,,,,,0.0,6.37421875
474,RCBP2.1,2024-08-06,6.218125000000001,,,,,0.0,6.402520833333334
475,RCBP2.1,2024-08-07,5.4340625,,,,,0.0,5.7201458333333335
476,RCBP2.1,2024-08-08,4.9236354166666665,,,,,0.0,5.1187604166666665
477,RCBP2.1,2024-08-09,4.286197916666667,,,,,0.225,4.52521875
478,RCBP2.1,2024-08-10,4.42953125,,,,,0.0,4.631760416666666
479,RCBP2.1,2024-08-11,5.04321875,,,,,2.24375,5.302052083333334
480,RCBP2.1,2024-08-12,5.51996875,,,,,4.601041666666666,5.7643125
481,RCBP2.1,2024-08-13,4.839125,,,,,0.0,4.99553125
482,RCBP2.1,2024-08-14,4.801593749999999,,,,,0.0,4.993260416666667
483,RCBP2.1,2024-08-15,4.64440625,,,,,0.0,4.827583333333334
484,RCBP2.1,2024-08-16,5.266895833333334,,,,,0.0,5.431552083333333
485,RCBP2.1,2024-08-17,3.8082499999999997,,,,,0.3375000000000001,3.9865625
486,RCBP2.1,2024-08-18,4.147583333333333,,,,,0.225,4.336229166666667
487,RCBP2.1,2024-08-19,4.15646875,,,,,5.048958333333333,4.364947916666667
488,RCBP2.1,2024-08-20,3.1030312500000004,,,,,0.0,3.2603125
489,RCBP2.1,2024-08-21,3.6738854166666663,,,,,0.0,3.847958333333333
490,RCBP2.1,2024-08-22,3.8671770833333334,,,,,0.0,4.037645833333333
491,RCBP2.1,2024-08-23,3.87228125,,,,,4.261458333333334,4.09909375
492,RCBP2.1,2024-08-24,6.086510416666666,,,,,1332.6010416666666,6.7330625
493,RCBP2.1,2024-08-25,19.139708333333335,,,,,0.0,19.368135416666664
494,RCBP2.1,2024-08-26,19.436229166666667,,,,,0.0,19.701249999999998
495,RCBP2.1,2024-08-27,19.66304166666667,,,,,0.0,19.842072916666666
496,RCBP2.1,2024-08-28,19.193239583333334,,,,,0.0,19.417677083333334
497,RCBP2.1,2024-08-29,18.988770833333334,,,,,0.0,19.233395833333333
498,RCBP2.1,2024-08-30,19.070052083333334,,,,,0.0,19.324447916666667
499,RCBP2.1,2024-08-31,19.133479166666667,,,,,0.0,19.45334375
500,RCBP2.1,2024-09-01,19.131968750000002,,,,,0.0,19.389927083333333
501,RCBP2.1,2024-09-02,15.62371875,,,,,3.139583333333333,15.691281250000001
502,RCBP2.1,2024-09-03,9.91084375,,,,,0.0,10.1913125
503,RCBP2.1,2024-09-04,15.617145833333334,,,,,0.0,15.359177083333334
504,RCBP2.1,2024-09-05,12.858166666666667,,,,,0.0,13.121604166666666
505,RCBP2.1,2024-09-06,20.896958333333334,,,,,0.0,21.051312499999998
506,RCBP2.1,2024-09-07,21.49711458333333,,,,,0.0,21.491833333333332
507,RCBP2.1,2024-09-08,20.947739583333334,,,,,0.0,20.958468749999998
508,RCBP2.1,2024-09-09,21.098395833333335,,,,,0.0,21.141020833333332
509,RCBP2.1,2024-09-10,20.996020833333333,,,,,0.0,21.067645833333334
510,RCBP2.1,2024-09-11,21.054135416666668,,,,,0.0,21.09909375
511,RCBP2.1,2024-09-12,21.021020833333335,,,,,0.0,21.0821875
512,RCBP2.1,2024-09-13,21.38744791666667,,,,,0.0,21.467364583333335
513,RCBP2.1,2024-09-14,20.006916666666665,,,,,0.0,20.07914583333333
514,RCBP2.1,2024-09-15,20.566625,,,,,0.0,20.530052083333334
515,RCBP2.1,2024-09-16,21.2444375,,,,,0.0,21.283427083333333
516,RCBP2.1,2024-09-17,21.030697916666668,,,,,0.0,21.05844791666667
517,RCBP2.1,2024-09-18,21.21234375,,,,,0.0,21.2304375
518,RCBP2.1,2024-09-19,21.22665625,,,,,0.0,21.338343749999996
519,RCBP2.1,2024-09-20,20.82596875,,,,,0.0,20.94140625
520,RCBP2.1,2024-09-21,20.764041666666667,,,,,0.0,20.342479166666667
521,RCBP2.1,2024-09-22,19.65234375,,,,,0.0,18.198958333333334
522,RCBP2.1,2024-09-23,22.826677083333333,,,,,0.0,20.744
523,RCBP2.1,2024-09-24,19.731697916666665,,,,,0.0,20.9334375
524,RCBP2.1,2024-09-25,17.11585714285714,,,,,1.7159420289855074,20.965666666666664
525,RCBP2.2,2024-05-16,21.67690625,,,,,,
526,RCBP2.2,2024-05-17,18.851020833333333,,,,,,
527,RCBP2.2,2024-05-18,20.29854166666667,,,,,,
528,RCBP2.2,2024-05-19,19.810072916666666,,,,,,
529,RCBP2.2,2024-05-20,20.776072916666667,,,,,,
530,RCBP2.2,2024-05-21,20.83340625,,,,,,
531,RCBP2.2,2024-05-22,21.233760416666666,,,,,,
532,RCBP2.2,2024-05-23,20.155854166666668,,,,,,
533,RCBP2.2,2024-05-24,14.6331875,,,,,,
534,RCBP2.2,2024-05-25,10.175125,,,,,,
535,RCBP2.2,2024-05-26,7.669135416666666,,,,,,
536,RCBP2.2,2024-05-27,8.074645833333333,,,,,,
537,RCBP2.2,2024-05-28,9.73325,,,,,,
538,RCBP2.2,2024-05-29,12.179729166666666,,,,,,
539,RCBP2.2,2024-05-30,15.72828125,10.351875,14.90125,,,,
540,RCBP2.2,2024-05-31,13.363864583333333,10.691979166666668,13.138541666666667,,,,
541,RCBP2.2,2024-06-01,9.305708333333333,11.531458333333333,9.362916666666667,,,,
542,RCBP2.2,2024-06-02,10.243635416666667,11.278958333333334,10.229375,,,,
543,RCBP2.2,2024-06-03,8.662239583333333,12.139583333333334,7.273333333333333,,,,
544,RCBP2.2,2024-06-04,6.6823854166666665,12.2246875,6.951458333333334,,,,
545,RCBP2.2,2024-06-05,7.614020833333334,11.938854166666665,7.535416666666666,,,,
546,RCBP2.2,2024-06-06,6.1308854166666675,11.024583333333332,6.070625,,,,
547,RCBP2.2,2024-06-07,6.183791666666667,10.813229166666666,6.1187499999999995,,,,
548,RCBP2.2,2024-06-08,7.668343750000001,10.961770833333333,7.526875,,,,
549,RCBP2.2,2024-06-09,7.418125,11.171354166666667,7.2718750000000005,,,,
550,RCBP2.2,2024-06-10,7.996468749999999,10.418125,7.850625,,,,
551,RCBP2.2,2024-06-11,8.024760416666666,10.5896875,7.914375,,,,
552,RCBP2.2,2024-06-12,7.938197916666667,10.327604166666667,7.875416666666666,,,,
553,RCBP2.2,2024-06-13,6.565541666666667,10.947395833333333,6.449375,,,,
554,RCBP2.2,2024-06-14,6.34440625,11.23375,6.212708333333333,,,,
555,RCBP2.2,2024-06-15,6.942166666666666,11.247604166666667,6.851875,,,,
556,RCBP2.2,2024-06-16,8.326958333333334,11.312291666666667,8.254166666666666,,,,
557,RCBP2.2,2024-06-17,8.789645833333333,11.035312500000002,8.710208333333332,,,,
558,RCBP2.2,2024-06-18,6.955916666666667,10.7084375,6.8475,,,,
559,RCBP2.2,2024-06-19,7.712802083333333,10.958854166666667,7.604791666666666,,,,
560,RCBP2.2,2024-06-20,9.309083333333334,10.755833333333333,9.204166666666667,,,,
561,RCBP2.2,2024-06-21,9.847760416666667,10.702291666666667,9.744583333333333,,,,
562,RCBP2.2,2024-06-22,10.185583333333334,10.955625,10.107708333333333,,,,
563,RCBP2.2,2024-06-23,10.347927083333333,10.868854166666667,10.259375,,,,
564,RCBP2.2,2024-06-24,10.84415625,10.819583333333334,10.804166666666667,,,,
565,RCBP2.2,2024-06-25,11.480572916666667,10.611145833333333,11.334791666666668,,,,
566,RCBP2.2,2024-06-26,13.48384375,9.861354166666667,13.390625,,,,
567,RCBP2.2,2024-06-27,14.45803125,9.2628125,14.417708333333332,,,,
568,RCBP2.2,2024-06-28,14.152875,9.166979166666666,14.089583333333332,,,,
569,RCBP2.2,2024-06-29,14.32728125,9.000729166666668,14.292291666666666,,,,
570,RCBP2.2,2024-06-30,14.945208333333333,9.396666666666667,14.862916666666665,,,,
571,RCBP2.2,2024-07-01,14.817833333333333,9.445416666666667,14.775833333333333,,,,
572,RCBP2.2,2024-07-02,11.07334375,9.790520833333334,11.011666666666665,,,,
573,RCBP2.2,2024-07-03,4.862416666666666,11.168750000000001,4.737291666666667,,,,
574,RCBP2.2,2024-07-04,5.832625,9.269166666666667,5.886666666666667,,,,
575,RCBP2.2,2024-07-05,5.2476770833333335,8.872395833333334,5.256666666666667,,,,
576,RCBP2.2,2024-07-06,5.288802083333334,9.7484375,5.207291666666666,,,,
577,RCBP2.2,2024-07-07,6.355479166666666,10.089583333333334,6.298125,,,,
578,RCBP2.2,2024-07-08,6.819729166666666,10.2165625,6.849583333333334,,,,
579,RCBP2.2,2024-07-09,6.101604166666667,9.7115625,6.100833333333333,,,,
580,RCBP2.2,2024-07-10,6.4807500000000005,9.558541666666667,6.376041666666667,,,,
581,RCBP2.2,2024-07-11,8.6166875,9.9371875,8.529583333333333,,,,
582,RCBP2.2,2024-07-12,9.137635416666667,9.820416666666667,9.066458333333333,,,,
583,RCBP2.2,2024-07-13,9.53071875,9.659895833333334,9.458125,,,,
584,RCBP2.2,2024-07-14,9.150739583333333,9.476354166666667,9.061041666666666,,,,
585,RCBP2.2,2024-07-15,7.436604166666666,10.334999999999999,7.390625,,,,
586,RCBP2.2,2024-07-16,7.879770833333333,11.189479166666667,7.7977083333333335,,,,
587,RCBP2.2,2024-07-17,7.309614583333333,10.863750000000001,7.258333333333333,,,,
588,RCBP2.2,2024-07-18,7.213979166666667,10.390208333333334,7.127291666666667,,,,
589,RCBP2.2,2024-07-19,8.047697916666666,10.4878125,7.996458333333333,,,,
590,RCBP2.2,2024-07-20,9.144614583333334,11.005833333333333,9.142708333333333,,,,
591,RCBP2.2,2024-07-21,8.565020833333334,10.120312499999999,8.512916666666667,,,,
592,RCBP2.2,2024-07-22,9.21384375,10.222395833333334,9.211041666666667,,,,
593,RCBP2.2,2024-07-23,10.866697916666666,10.370416666666667,10.9925,,,,
594,RCBP2.2,2024-07-24,11.884020833333333,9.829166666666667,11.994791666666666,,,,
595,RCBP2.2,2024-07-25,11.822249999999999,8.761666666666667,11.844583333333333,,,,
596,RCBP2.2,2024-07-26,10.267260416666668,9.308020833333334,10.2525,,,,
597,RCBP2.2,2024-07-27,10.277666666666667,10.935208333333334,10.275,,,,
598,RCBP2.2,2024-07-28,9.865822916666668,9.619583333333333,9.777708333333333,,,,
599,RCBP2.2,2024-07-29,9.289354166666667,8.487604166666667,9.143541666666666,,,,
600,RCBP2.2,2024-07-30,8.867114583333333,10.537604166666666,8.758125,,,,
601,RCBP2.2,2024-07-31,8.5063125,9.825520833333334,8.417291666666667,,,,
602,RCBP2.2,2024-08-01,7.301375,10.482291666666667,7.151458333333333,,,,
603,RCBP2.2,2024-08-02,7.605989583333333,12.173854166666667,7.518958333333334,,,,
604,RCBP2.2,2024-08-03,7.6849375,9.318125,7.570208333333333,,,,
605,RCBP2.2,2024-08-04,7.7748333333333335,9.668750000000001,7.654583333333334,,,,
606,RCBP2.2,2024-08-05,7.480260416666667,9.1796875,7.399375,,,,
607,RCBP2.2,2024-08-06,7.8152083333333335,9.168854166666668,7.71625,,,,
608,RCBP2.2,2024-08-07,7.1044374999999995,9.221041666666666,7.048749999999999,,,,
609,RCBP2.2,2024-08-08,6.541885416666666,9.600729166666666,6.457291666666666,,,,
610,RCBP2.2,2024-08-09,6.232291666666666,9.475,6.165416666666666,,,,
611,RCBP2.2,2024-08-10,5.958749999999999,9.490416666666667,5.846041666666667,,,,
612,RCBP2.2,2024-08-11,7.187614583333333,10.275416666666667,7.074166666666667,,,,
613,RCBP2.2,2024-08-12,7.379822916666666,10.477083333333333,7.280833333333334,,,,
614,RCBP2.2,2024-08-13,6.3059375,9.886354166666667,6.215416666666666,,,,
615,RCBP2.2,2024-08-14,6.061166666666666,10.596354166666666,5.953333333333333,,,,
616,RCBP2.2,2024-08-15,5.558989583333333,10.205,5.428958333333333,,,,
617,RCBP2.2,2024-08-16,5.757916666666667,10.341979166666667,5.627291666666667,,,,
618,RCBP2.2,2024-08-17,4.781197916666667,10.385520833333333,4.643125,,,,
619,RCBP2.2,2024-08-18,5.2804270833333335,9.914479166666666,5.180000000000001,,,,
620,RCBP2.2,2024-08-19,5.018427083333333,10.618229166666667,4.8968750000000005,,,,
621,RCBP2.2,2024-08-20,4.0173125,10.5315625,3.8672916666666666,,,,
622,RCBP2.2,2024-08-21,4.431697916666667,10.851979166666666,4.292083333333333,,,,
623,RCBP2.2,2024-08-22,4.321989583333333,10.876145833333332,4.181875,,,,
624,RCBP2.2,2024-08-23,4.901489583333333,10.955625,4.748958333333333,,,,
625,RCBP2.2,2024-08-24,6.734260416666667,10.894895833333335,8.140208333333334,,,,
626,RCBP2.2,2024-08-25,19.199833333333334,9.501354166666667,19.172083333333333,,,,
627,RCBP2.2,2024-08-26,19.46703125,9.341041666666667,19.704375,,,,
628,RCBP2.2,2024-08-27,19.68634375,9.270312500000001,19.798125,,,,
629,RCBP2.2,2024-08-28,19.22759375,9.385,19.29104166666667,,,,
630,RCBP2.2,2024-08-29,19.035354166666668,9.5034375,19.0125,,,,
631,RCBP2.2,2024-08-30,19.091166666666666,9.521354166666667,19.192083333333333,,,,
632,RCBP2.2,2024-08-31,19.1520625,9.536041666666666,19.207291666666666,,,,
633,RCBP2.2,2024-09-01,19.1553125,9.528958333333334,19.282291666666666,,,,
634,RCBP2.2,2024-09-02,15.818041666666666,10.098437500000001,16.12333333333333,,,,
635,RCBP2.2,2024-09-03,9.36121875,11.724479166666667,9.041458333333333,,,,
636,RCBP2.2,2024-09-04,13.986166666666668,10.3853125,14.252083333333333,,,,
637,RCBP2.2,2024-09-05,12.17090625,10.751458333333334,11.757083333333334,,,,
638,RCBP2.2,2024-09-06,20.71371875,9.150416666666667,20.27375,,,,
639,RCBP2.2,2024-09-07,21.515249999999998,9.100520833333333,21.162291666666665,,,,
640,RCBP2.2,2024-09-08,20.953947916666667,9.1471875,20.828958333333333,,,,
641,RCBP2.2,2024-09-09,21.1306875,9.141250000000001,20.884583333333335,,,,
642,RCBP2.2,2024-09-10,21.0620625,9.132708333333333,20.851041666666667,,,,
643,RCBP2.2,2024-09-11,21.103885416666667,9.052291666666667,20.877916666666668,,,,
644,RCBP2.2,2024-09-12,21.076447916666666,8.963645833333334,20.864375,,,,
645,RCBP2.2,2024-09-13,21.4716875,8.978020833333334,21.25125,,,,
646,RCBP2.2,2024-09-14,20.029687499999998,9.20125,19.921875,,,,
647,RCBP2.2,2024-09-15,20.616604166666665,9.086979166666667,20.266666666666666,,,,
648,RCBP2.2,2024-09-16,21.27184375,9.014375,21.01625,,,,
649,RCBP2.2,2024-09-17,21.008666666666667,9.049270833333333,20.805,,,,
650,RCBP2.2,2024-09-18,21.22728125,8.995625,20.994583333333335,,,,
651,RCBP2.2,2024-09-19,21.241343750000002,9.100952380952382,20.97047619047619,,,,
652,RCBP2.2,2024-09-20,20.88507291666667,,,,,,
653,RCBP2.2,2024-09-21,20.83446875,,,,,,
654,RCBP2.2,2024-09-22,19.740760416666667,,,,,,
655,RCBP2.2,2024-09-23,22.851927083333333,,,,,,
656,RCBP2.2,2024-09-24,19.74184375,,,,,,
657,RCBP2.2,2024-09-25,17.193528571428573,,,,,,
658,SRBP1,2024-05-16,21.64253125,,,,,,
659,SRBP1,2024-05-17,18.642802083333333,,,,,,
660,SRBP1,2024-05-18,20.219645833333335,,,,,,
661,SRBP1,2024-05-19,19.808,,,,,,
662,SRBP1,2024-05-20,20.73065625,,,,,,
663,SRBP1,2024-05-21,20.723312500000002,,,,,,
664,SRBP1,2024-05-22,21.033364583333334,,,,,,
665,SRBP1,2024-05-23,19.97709375,,,,,,
666,SRBP1,2024-05-24,14.594947916666667,,,,,,
667,SRBP1,2024-05-25,10.0019375,,,,,,
668,SRBP1,2024-05-26,7.561687500000001,,,,,,
669,SRBP1,2024-05-27,8.357041666666666,,,,,,
670,SRBP1,2024-05-28,9.63621875,,,,,,
671,SRBP1,2024-05-29,12.230354166666666,,,,,0.0,13.70953125
672,SRBP1,2024-05-30,15.632760416666668,9.904166666666667,16.504166666666666,,,0.22395833333333334,16.150635416666667
673,SRBP1,2024-05-31,17.444979166666666,10.563854166666667,13.676458333333334,,,0.0,13.781947916666667
674,SRBP1,2024-06-01,15.538239583333334,11.155000000000001,11.31,,,3170.097916666667,13.167802083333333
675,SRBP1,2024-06-02,3.6703958333333335,12.808854166666668,3.7339583333333333,,,22634.030208333334,4.519583333333333
676,SRBP1,2024-06-03,3.2124687499999998,12.875,3.252083333333333,,,25228.138541666664,3.980916666666667
677,SRBP1,2024-06-04,3.589302083333333,12.777604166666668,3.59375,,,13813.298958333333,4.055635416666667
678,SRBP1,2024-06-05,5.3681979166666665,12.561354166666668,5.4347916666666665,,,26829.622916666664,6.1216875
679,SRBP1,2024-06-06,5.901947916666667,12.02375,5.951250000000001,,,22024.178125000002,6.63825
680,SRBP1,2024-06-07,6.299239583333333,12.1728125,6.448125,,,27921.717708333334,7.262375
681,SRBP1,2024-06-08,8.181666666666667,12.3128125,8.244583333333333,,,16040.651041666666,8.913770833333333
682,SRBP1,2024-06-09,6.301145833333333,12.234166666666667,6.377083333333334,,,10694.219791666666,7.043895833333334
683,SRBP1,2024-06-10,6.27421875,12.073333333333332,6.342708333333333,,,15244.909375000001,7.157729166666667
684,SRBP1,2024-06-11,5.7753958333333335,11.4928125,5.92875,,,16777.425,6.759843750000001
685,SRBP1,2024-06-12,6.4286562499999995,11.062395833333333,6.604375,,,16266.692708333334,7.49159375
686,SRBP1,2024-06-13,6.014708333333334,11.211875,6.099374999999999,,,12719.1875,6.669020833333334
687,SRBP1,2024-06-14,6.24553125,11.339374999999999,6.310208333333333,,,8477.175000000001,6.78984375
688,SRBP1,2024-06-15,7.3311979166666665,11.555520833333333,7.473541666666667,,,18576.464583333334,8.408666666666667
689,SRBP1,2024-06-16,8.253614583333333,10.699062499999998,8.472916666666666,,,18622.551041666666,9.290895833333334
690,SRBP1,2024-06-17,9.125927083333334,10.974583333333333,9.285,,,27644.317708333332,10.279177083333334
691,SRBP1,2024-06-18,7.8030625,10.870624999999999,7.853333333333333,,,4305.7,8.120541666666666
692,SRBP1,2024-06-19,8.237791666666666,10.799583333333333,8.36875,,,13647.579166666668,9.111135416666666
693,SRBP1,2024-06-20,11.730885416666666,11.0309375,11.800416666666665,,,11561.390625,12.269041666666666
694,SRBP1,2024-06-21,11.055458333333334,10.443854166666666,11.272083333333333,,,20708.291666666668,12.4579375
695,SRBP1,2024-06-22,12.028708333333334,10.301354166666666,12.1775,,,19889.330208333333,12.993145833333335
696,SRBP1,2024-06-23,11.747364583333335,10.412395833333333,11.834375,,,19817.567708333332,12.555291666666667
697,SRBP1,2024-06-24,12.025791666666668,10.108125,12.291875,,,25680.791666666668,13.240166666666667
698,SRBP1,2024-06-25,13.067260416666668,10.1253125,13.308541666666665,,,36738.29479166667,14.244520833333333
699,SRBP1,2024-06-26,14.353479166666666,9.528541666666667,14.784791666666665,,,42907.50208333333,16.355479166666665
700,SRBP1,2024-06-27,14.243479166666667,9.000208333333333,14.867083333333333,,,41960.828125,16.661427083333333
701,SRBP1,2024-06-28,13.994437499999998,8.996979166666668,14.622708333333334,,,40229.74270833334,17.344114583333333
702,SRBP1,2024-06-29,14.72378125,9.483333333333333,15.489375,,,43753.58958333333,18.896302083333335
703,SRBP1,2024-06-30,15.032989583333332,8.209999999999999,20.40125,,,55874.259375,22.9843125
704,SRBP1,2024-07-01,17.785614583333334,8.3671875,20.01125,,,64619.411458333336,21.711020833333333
705,SRBP1,2024-07-02,9.036677083333332,10.170520833333333,8.938958333333334,,,2483.110416666667,8.87234375
706,SRBP1,2024-07-03,6.289927083333333,11.253229166666666,6.31125,,,4139.75,6.523875
707,SRBP1,2024-07-04,6.143833333333333,10.926562500000001,6.205416666666667,,,2728.3239583333334,6.40503125
708,SRBP1,2024-07-05,5.744177083333334,9.621979166666668,6.058541666666667,,,2828.230208333333,6.480114583333333
709,SRBP1,2024-07-06,6.184854166666667,9.572916666666666,6.527916666666666,,,6599.091666666667,7.0188854166666665
710,SRBP1,2024-07-07,7.592947916666667,10.501666666666667,7.8125,,,10976.214583333334,8.262927083333333
711,SRBP1,2024-07-08,8.761510416666667,9.709375,9.202291666666666,,,11533.471875000001,9.86253125
712,SRBP1,2024-07-09,8.911447916666667,9.695416666666667,9.055,,,8032.382291666666,9.337447916666667
713,SRBP1,2024-07-10,8.4809375,10.188437500000001,8.605416666666667,,,8212.34375,9.036541666666666
714,SRBP1,2024-07-11,11.080354166666666,9.4971875,11.580416666666666,,,25711.39791666667,12.5540625
715,SRBP1,2024-07-12,13.565802083333333,9.762083333333333,13.898541666666667,,,13623.141666666668,14.474583333333333
716,SRBP1,2024-07-13,12.118395833333333,9.070833333333333,12.528958333333334,,,13350.901041666666,13.189135416666666
717,SRBP1,2024-07-14,11.138739583333333,9.395625,11.367291666666667,,,7321.171875,11.809656250000002
718,SRBP1,2024-07-15,9.398739583333333,7.745416666666666,9.862499999999999,,,12940.634375,10.568697916666666
719,SRBP1,2024-07-16,10.883760416666666,9.529791666666666,11.0225,,,13634.4625,11.538083333333333
720,SRBP1,2024-07-17,9.344864583333333,8.693958333333333,9.56375,,,7550.246875,9.88778125
721,SRBP1,2024-07-18,8.986239583333333,7.880208333333333,9.258958333333334,,,9882.773958333333,9.86853125
722,SRBP1,2024-07-19,10.801770833333334,8.955833333333333,11.092708333333334,,,12935.479166666666,11.685875000000001
723,SRBP1,2024-07-20,11.876083333333334,9.194583333333332,12.330625,,,25214.354166666668,13.25478125
724,SRBP1,2024-07-21,12.056937500000002,8.835833333333333,12.512500000000001,,,12930.767708333333,12.979520833333334
725,SRBP1,2024-07-22,12.68059375,8.4509375,13.511875000000002,,,32250.27916666667,15.159614583333335
726,SRBP1,2024-07-23,15.91234375,8.908541666666666,16.42020833333333,,,53671.45520833333,19.282385416666667
727,SRBP1,2024-07-24,16.472854166666668,9.139479166666666,17.088125,,,58031.307291666664,21.655541666666664
728,SRBP1,2024-07-25,15.70825,8.248229166666667,16.773125,,,29131.3125,18.9898125
729,SRBP1,2024-07-26,12.76375,7.3484375,13.104583333333332,,,17909.994791666668,13.334510416666667
730,SRBP1,2024-07-27,12.291260416666667,7.680416666666667,12.687083333333334,,,57632.03958333333,14.8243125
731,SRBP1,2024-07-28,12.094989583333332,8.176666666666668,12.261875000000002,,,16332.852083333333,11.230833333333335
732,SRBP1,2024-07-29,11.415,8.536041666666668,11.573958333333332,,,19230.938541666666,12.549333333333335
733,SRBP1,2024-07-30,11.07965625,9.109166666666667,11.790625,,,61627.034374999996,13.599197916666666
734,SRBP1,2024-07-31,10.5018125,8.1325,9.553125,,,8190.141666666666,8.580135416666666
735,SRBP1,2024-08-01,9.727510416666666,8.6028125,9.728541666666667,,,55407.036458333336,10.628072916666666
736,SRBP1,2024-08-02,9.933072916666667,9.076145833333333,9.977916666666667,,,27941.111458333336,9.66159375
737,SRBP1,2024-08-03,10.154885416666668,8.987291666666666,10.216041666666667,,,7876.980208333333,10.57228125
738,SRBP1,2024-08-04,9.755958333333334,9.473020833333333,9.815833333333332,,,3828.8260416666667,10.011333333333333
739,SRBP1,2024-08-05,9.361770833333333,9.099895833333333,9.475,,,2744.4718749999997,9.688760416666666
740,SRBP1,2024-08-06,10.129375,9.338333333333333,10.19375,,,6644.835416666666,10.4584375
741,SRBP1,2024-08-07,9.460812500000001,8.128958333333333,9.726041666666667,,,5542.092708333334,10.169260416666667
742,SRBP1,2024-08-08,9.81209375,8.326041666666667,10.239583333333334,,,12272.261458333334,10.8575625
743,SRBP1,2024-08-09,10.129687500000001,8.851458333333333,10.31125,,,9897.241666666667,10.624354166666667
744,SRBP1,2024-08-10,9.661614583333334,8.367708333333333,9.853125,,,12229.543749999999,10.270760416666667
745,SRBP1,2024-08-11,10.416895833333333,8.588229166666666,10.740625,,,23169.08541666667,11.316625
746,SRBP1,2024-08-12,10.398958333333333,8.172395833333333,10.624166666666666,,,12308.141666666668,11.032270833333333
747,SRBP1,2024-08-13,9.606239583333332,9.175520833333334,9.623958333333333,,,2068.3572916666667,9.746197916666667
748,SRBP1,2024-08-14,8.64640625,9.786354166666667,8.666458333333333,,,3944.6541666666667,8.82796875
749,SRBP1,2024-08-15,7.611645833333333,10.162291666666667,7.633333333333333,,,5567.320833333334,7.857708333333334
750,SRBP1,2024-08-16,7.707989583333333,10.596145833333333,7.721875,,,561.4031249999999,7.878614583333333
751,SRBP1,2024-08-17,6.0710625,10.498020833333333,6.067708333333333,,,494.91875,6.2108437499999996
752,SRBP1,2024-08-18,7.568135416666666,10.05125,7.6156250000000005,,,548.2916666666666,7.7636875
753,SRBP1,2024-08-19,7.160489583333334,10.040208333333334,7.204791666666666,,,1014.6135416666666,7.396010416666667
754,SRBP1,2024-08-20,6.393395833333333,10.060104166666667,6.4972916666666665,,,531.1333333333333,6.710270833333333
755,SRBP1,2024-08-21,6.630572916666666,10.39,6.705625,,,237.70416666666665,6.844822916666668
756,SRBP1,2024-08-22,6.4465625,10.722708333333335,6.483125,,,624.6437500000001,6.641958333333334
757,SRBP1,2024-08-23,7.365583333333333,10.245416666666666,7.395208333333334,,,3432.3562500000003,7.647010416666666
758,SRBP1,2024-08-24,10.983927083333334,10.234895833333333,12.612708333333332,,,1017.4208333333332,10.720114583333334
759,SRBP1,2024-08-25,19.161666666666665,9.277291666666667,19.244791666666668,,,0.0,19.25021875
760,SRBP1,2024-08-26,19.377635416666667,9.1275,19.522291666666668,,,0.0,19.46739583333333
761,SRBP1,2024-08-27,19.588687500000002,9.0434375,19.709791666666668,,,0.0,19.662625000000002
762,SRBP1,2024-08-28,19.129010416666667,9.170520833333333,19.262083333333333,,,0.0,19.204541666666668
763,SRBP1,2024-08-29,18.704885416666666,9.301979166666667,18.925,,,0.0,18.793343750000002
764,SRBP1,2024-08-30,18.62440625,9.320416666666667,18.9525,,,0.0,18.67646875
765,SRBP1,2024-08-31,18.619010416666665,9.326875,18.998541666666664,,,0.0,18.679427083333334
766,SRBP1,2024-09-01,18.705916666666667,9.327708333333334,19.046875,,,0.0,18.734937499999997
767,SRBP1,2024-09-02,15.112770833333334,9.974895833333333,15.845625,,,6.055208333333333,15.47721875
768,SRBP1,2024-09-03,9.860875,11.396041666666667,9.71875,,,0.0,9.87375
769,SRBP1,2024-09-04,18.059375,10.089270833333332,14.85875,,,0.0,15.159760416666666
770,SRBP1,2024-09-05,13.675541666666668,10.412916666666666,12.57125,,,0.0,12.775729166666666
771,SRBP1,2024-09-06,20.897833333333335,8.917083333333332,20.575416666666666,,,0.0,20.928135416666667
772,SRBP1,2024-09-07,20.824322916666667,8.871770833333334,21.47854166666667,,,0.0,21.428083333333333
773,SRBP1,2024-09-08,20.335416666666667,8.940520833333332,21.061666666666667,,,0.0,20.96051041666667
774,SRBP1,2024-09-09,20.64651041666667,8.935833333333333,21.113125,,,0.0,21.10232291666667
775,SRBP1,2024-09-10,20.7346875,8.936979166666667,21.042291666666667,,,0.0,21.036885416666667
776,SRBP1,2024-09-11,20.70927083333333,8.856145833333334,21.090416666666666,,,0.0,21.078197916666667
777,SRBP1,2024-09-12,20.7055,8.771979166666666,21.065833333333334,,,0.0,21.051416666666665
778,SRBP1,2024-09-13,21.12240625,8.7934375,21.423125,,,0.0,21.446395833333337
779,SRBP1,2024-09-14,19.39046875,9.0246875,20.098125,,,0.0,20.083114583333334
780,SRBP1,2024-09-15,19.86328125,8.881979166666666,20.59208333333333,,,0.0,20.494260416666666
781,SRBP1,2024-09-16,20.755302083333333,8.825729166666667,21.248541666666664,,,0.0,21.23678125
782,SRBP1,2024-09-17,20.563385416666666,8.861458333333333,21.03375,,,0.0,21.031625000000002
783,SRBP1,2024-09-18,20.698515151515153,8.808333333333334,21.21875,,,0.0,21.213458333333335
784,SRBP1,2024-09-19,,8.916031746031747,21.17111111111111,,,0.0,21.31346875
785,SRBP1,2024-09-20,,,,,,0.0,20.964229166666666
786,SRBP1,2024-09-21,,,,,,0.0,20.304958333333335
787,SRBP1,2024-09-22,,,,,,0.0,18.078020833333333
788,SRBP1,2024-09-23,,,,,,0.0,20.82738541666667
789,SRBP1,2024-09-24,,,,,,0.0,21.01788541666667
790,SRBP1,2024-09-25,,,,,,0.0,21.05731343283582
791,Temperature on osmosampler SRBP1,2024-05-16,21.59615625,,,,,,
792,Temperature on osmosampler SRBP1,2024-05-17,19.061270833333335,,,,,,
793,Temperature on osmosampler SRBP1,2024-05-18,20.195052083333334,,,,,,
794,Temperature on osmosampler SRBP1,2024-05-19,19.750791666666668,,,,,,
795,Temperature on osmosampler SRBP1,2024-05-20,20.678197916666665,,,,,,
796,Temperature on osmosampler SRBP1,2024-05-21,20.69821875,,,,,,
797,Temperature on osmosampler SRBP1,2024-05-22,21.0405625,,,,,,
798,Temperature on osmosampler SRBP1,2024-05-23,19.97096875,,,,,,
799,Temperature on osmosampler SRBP1,2024-05-24,14.118041666666668,,,,,,
800,Temperature on osmosampler SRBP1,2024-05-25,10.149947916666667,,,,,,
801,Temperature on osmosampler SRBP1,2024-05-26,7.578791666666667,,,,,,
802,Temperature on osmosampler SRBP1,2024-05-27,7.849895833333334,,,,,,
803,Temperature on osmosampler SRBP1,2024-05-28,9.553947916666667,,,,,,
804,Temperature on osmosampler SRBP1,2024-05-29,12.296437500000001,,,,,,
805,Temperature on osmosampler SRBP1,2024-05-30,15.955739583333333,,,,,,
806,Temperature on osmosampler SRBP1,2024-05-31,13.160072916666666,,,,,,
807,Temperature on osmosampler SRBP1,2024-06-01,10.213041666666667,,,,,,
808,Temperature on osmosampler SRBP1,2024-06-02,3.8188541666666667,,,,,,
809,Temperature on osmosampler SRBP1,2024-06-03,3.183,,,,,,
810,Temperature on osmosampler SRBP1,2024-06-04,3.2284895833333334,,,,,,
811,Temperature on osmosampler SRBP1,2024-06-05,4.6801875,,,,,,
812,Temperature on osmosampler SRBP1,2024-06-06,4.816958333333333,,,,,,
813,Temperature on osmosampler SRBP1,2024-06-07,4.740541666666666,,,,,,
814,Temperature on osmosampler SRBP1,2024-06-08,5.20403125,,,,,,
815,Temperature on osmosampler SRBP1,2024-06-09,4.9842812499999996,,,,,,
816,Temperature on osmosampler SRBP1,2024-06-10,4.727635416666667,,,,,,
817,Temperature on osmosampler SRBP1,2024-06-11,4.584072916666667,,,,,,
818,Temperature on osmosampler SRBP1,2024-06-12,4.7578125,,,,,,
819,Temperature on osmosampler SRBP1,2024-06-13,5.262822916666667,,,,,,
820,Temperature on osmosampler SRBP1,2024-06-14,5.197583333333333,,,,,,
821,Temperature on osmosampler SRBP1,2024-06-15,5.2779375,,,,,,
822,Temperature on osmosampler SRBP1,2024-06-16,5.331895833333333,,,,,,
823,Temperature on osmosampler SRBP1,2024-06-17,5.61328125,,,,,,
824,Temperature on osmosampler SRBP1,2024-06-18,5.2899375,,,,,,
825,Temperature on osmosampler SRBP1,2024-06-19,5.753885416666667,,,,,,
826,Temperature on osmosampler SRBP1,2024-06-20,6.218645833333333,,,,,,
827,Temperature on osmosampler SRBP1,2024-06-21,6.2325937499999995,,,,,,
828,Temperature on osmosampler SRBP1,2024-06-22,7.025052083333333,,,,,,
829,Temperature on osmosampler SRBP1,2024-06-23,8.086197916666666,,,,,,
830,Temperature on osmosampler SRBP1,2024-06-24,7.589927083333333,,,,,,
831,Temperature on osmosampler SRBP1,2024-06-25,6.996614583333333,,,,,,
832,Temperature on osmosampler SRBP1,2024-06-26,6.185645833333333,,,,,,
833,Temperature on osmosampler SRBP1,2024-06-27,6.274895833333333,,,,,,
834,Temperature on osmosampler SRBP1,2024-06-28,6.845614583333333,,,,,,
835,Temperature on osmosampler SRBP1,2024-06-29,7.417552083333334,,,,,,
836,Temperature on osmosampler SRBP1,2024-06-30,8.124281250000001,,,,,,
837,Temperature on osmosampler SRBP1,2024-07-01,9.177729166666667,,,,,,
838,Temperature on osmosampler SRBP1,2024-07-02,6.633604166666667,,,,,,
839,Temperature on osmosampler SRBP1,2024-07-03,4.99396875,,,,,,
840,Temperature on osmosampler SRBP1,2024-07-04,4.039427083333334,,,,,,
841,Temperature on osmosampler SRBP1,2024-07-05,3.4355937500000002,,,,,,
842,Temperature on osmosampler SRBP1,2024-07-06,4.01953125,,,,,,
843,Temperature on osmosampler SRBP1,2024-07-07,5.690645833333334,,,,,,
844,Temperature on osmosampler SRBP1,2024-07-08,5.34540625,,,,,,
845,Temperature on osmosampler SRBP1,2024-07-09,5.228,,,,,,
846,Temperature on osmosampler SRBP1,2024-07-10,6.173708333333334,,,,,,
847,Temperature on osmosampler SRBP1,2024-07-11,7.646802083333333,,,,,,
848,Temperature on osmosampler SRBP1,2024-07-12,9.007166666666667,,,,,,
849,Temperature on osmosampler SRBP1,2024-07-13,8.050749999999999,,,,,,
850,Temperature on osmosampler SRBP1,2024-07-14,7.606270833333333,,,,,,
851,Temperature on osmosampler SRBP1,2024-07-15,6.62690625,,,,,,
852,Temperature on osmosampler SRBP1,2024-07-16,7.211156249999999,,,,,,
853,Temperature on osmosampler SRBP1,2024-07-17,6.922552083333334,,,,,,
854,Temperature on osmosampler SRBP1,2024-07-18,6.541666666666667,,,,,,
855,Temperature on osmosampler SRBP1,2024-07-19,9.094687500000001,,,,,,
856,Temperature on osmosampler SRBP1,2024-07-20,9.572583333333332,,,,,,
857,Temperature on osmosampler SRBP1,2024-07-21,9.903614583333333,,,,,,
858,Temperature on osmosampler SRBP1,2024-07-22,10.303625,,,,,,
859,Temperature on osmosampler SRBP1,2024-07-23,11.684572916666667,,,,,,
860,Temperature on osmosampler SRBP1,2024-07-24,12.030385416666666,,,,,,
861,Temperature on osmosampler SRBP1,2024-07-25,11.2785625,,,,,,
862,Temperature on osmosampler SRBP1,2024-07-26,11.335395833333335,,,,,,
863,Temperature on osmosampler SRBP1,2024-07-27,10.664250000000001,,,,,,
864,Temperature on osmosampler SRBP1,2024-07-28,10.33534375,,,,,,
865,Temperature on osmosampler SRBP1,2024-07-29,10.581364583333334,,,,,,
866,Temperature on osmosampler SRBP1,2024-07-30,10.514697916666668,,,,,,
867,Temperature on osmosampler SRBP1,2024-07-31,10.201020833333333,,,,,,
868,Temperature on osmosampler SRBP1,2024-08-01,9.553552083333333,,,,,,
869,Temperature on osmosampler SRBP1,2024-08-02,8.419645833333334,,,,,,
870,Temperature on osmosampler SRBP1,2024-08-03,9.578166666666666,,,,,,
871,Temperature on osmosampler SRBP1,2024-08-04,8.186677083333334,,,,,,
872,Temperature on osmosampler SRBP1,2024-08-05,7.9792604166666665,,,,,,
873,Temperature on osmosampler SRBP1,2024-08-06,8.378052083333333,,,,,,
874,Temperature on osmosampler SRBP1,2024-08-07,7.50853125,,,,,,
875,Temperature on osmosampler SRBP1,2024-08-08,7.632822916666666,,,,,,
876,Temperature on osmosampler SRBP1,2024-08-09,7.14365625,,,,,,
877,Temperature on osmosampler SRBP1,2024-08-10,7.163541666666667,,,,,,
878,Temperature on osmosampler SRBP1,2024-08-11,8.349635416666667,,,,,,
879,Temperature on osmosampler SRBP1,2024-08-12,8.903968749999999,,,,,,
880,Temperature on osmosampler SRBP1,2024-08-13,8.581083333333334,,,,,,
881,Temperature on osmosampler SRBP1,2024-08-14,8.038572916666666,,,,,,
882,Temperature on osmosampler SRBP1,2024-08-15,6.384864583333333,,,,,,
883,Temperature on osmosampler SRBP1,2024-08-16,7.242375,,,,,,
884,Temperature on osmosampler SRBP1,2024-08-17,5.322197916666666,,,,,,
885,Temperature on osmosampler SRBP1,2024-08-18,6.229385416666666,,,,,,
886,Temperature on osmosampler SRBP1,2024-08-19,6.4385,,,,,,
887,Temperature on osmosampler SRBP1,2024-08-20,4.588583333333333,,,,,,
888,Temperature on osmosampler SRBP1,2024-08-21,5.502604166666667,,,,,,
889,Temperature on osmosampler SRBP1,2024-08-22,5.749187500000001,,,,,,
890,Temperature on osmosampler SRBP1,2024-08-23,6.283437500000001,,,,,,
891,Temperature on osmosampler SRBP1,2024-08-24,9.452697916666667,,,,,,
892,Temperature on osmosampler SRBP1,2024-08-25,19.285229166666667,,,,,,
893,Temperature on osmosampler SRBP1,2024-08-26,20.027385416666664,,,,,,
894,Temperature on osmosampler SRBP1,2024-08-27,19.787052083333332,,,,,,
895,Temperature on osmosampler SRBP1,2024-08-28,19.413010416666665,,,,,,
896,Temperature on osmosampler SRBP1,2024-08-29,19.2405625,,,,,,
897,Temperature on osmosampler SRBP1,2024-08-30,19.373583333333332,,,,,,
898,Temperature on osmosampler SRBP1,2024-08-31,19.433322916666665,,,,,,
899,Temperature on osmosampler SRBP1,2024-09-01,19.462052083333333,,,,,,
900,Temperature on osmosampler SRBP1,2024-09-02,15.0465625,,,,,,
901,Temperature on osmosampler SRBP1,2024-09-03,10.087989583333334,,,,,,
902,Temperature on osmosampler SRBP1,2024-09-04,18.084510416666667,,,,,,
903,Temperature on osmosampler SRBP1,2024-09-05,13.749302083333333,,,,,,
904,Temperature on osmosampler SRBP1,2024-09-06,21.006895833333335,,,,,,
905,Temperature on osmosampler SRBP1,2024-09-07,21.006947916666665,,,,,,
906,Temperature on osmosampler SRBP1,2024-09-08,20.327041666666666,,,,,,
907,Temperature on osmosampler SRBP1,2024-09-09,20.80940625,,,,,,
908,Temperature on osmosampler SRBP1,2024-09-10,20.8726875,,,,,,
909,Temperature on osmosampler SRBP1,2024-09-11,20.834374999999998,,,,,,
910,Temperature on osmosampler SRBP1,2024-09-12,20.826729166666667,,,,,,
911,Temperature on osmosampler SRBP1,2024-09-13,21.269635416666667,,,,,,
912,Temperature on osmosampler SRBP1,2024-09-14,19.331041666666668,,,,,,
913,Temperature on osmosampler SRBP1,2024-09-15,19.967322916666667,,,,,,
914,Temperature on osmosampler SRBP1,2024-09-16,20.904833333333332,,,,,,
915,Temperature on osmosampler SRBP1,2024-09-17,20.685489583333332,,,,,,
916,Temperature on osmosampler SRBP1,2024-09-18,20.82557575757576,,,,,,
917,Temperature on osmosampler TKL_524,2024-05-16,21.65075,,,,,,
918,Temperature on osmosampler TKL_524,2024-05-17,19.107791666666667,,,,,,
919,Temperature on osmosampler TKL_524,2024-05-18,20.547739583333335,,,,,,
920,Temperature on osmosampler TKL_524,2024-05-19,19.985864583333335,,,,,,
921,Temperature on osmosampler TKL_524,2024-05-20,21.056250000000002,,,,,,
922,Temperature on osmosampler TKL_524,2024-05-21,20.88075,,,,,,
923,Temperature on osmosampler TKL_524,2024-05-22,21.061041666666668,,,,,,
924,Temperature on osmosampler TKL_524,2024-05-23,19.96651041666667,,,,,,
925,Temperature on osmosampler TKL_524,2024-05-24,13.968479166666667,,,,,,
926,Temperature on osmosampler TKL_524,2024-05-25,9.688479166666667,,,,,,
927,Temperature on osmosampler TKL_524,2024-05-26,7.17296875,,,,,,
928,Temperature on osmosampler TKL_524,2024-05-27,7.3497812499999995,,,,,,
929,Temperature on osmosampler TKL_524,2024-05-28,9.115854166666667,,,,,,
930,Temperature on osmosampler TKL_524,2024-05-29,11.80509375,,,,,,
931,Temperature on osmosampler TKL_524,2024-05-30,15.850958333333333,,,,,,
932,Temperature on osmosampler TKL_524,2024-05-31,13.543833333333334,,,,,,
933,Temperature on osmosampler TKL_524,2024-06-01,9.058135416666667,,,,,,
934,Temperature on osmosampler TKL_524,2024-06-02,10.490656249999999,,,,,,
935,Temperature on osmosampler TKL_524,2024-06-03,7.383677083333333,,,,,,
936,Temperature on osmosampler TKL_524,2024-06-04,6.844260416666667,,,,,,
937,Temperature on osmosampler TKL_524,2024-06-05,6.734510416666667,,,,,,
938,Temperature on osmosampler TKL_524,2024-06-06,8.679083333333333,,,,,,
939,Temperature on osmosampler TKL_524,2024-06-07,8.556479166666668,,,,,,
940,Temperature on osmosampler TKL_524,2024-06-08,9.968614583333332,,,,,,
941,Temperature on osmosampler TKL_524,2024-06-09,12.7500625,,,,,,
942,Temperature on osmosampler TKL_524,2024-06-10,11.365052083333333,,,,,,
943,Temperature on osmosampler TKL_524,2024-06-11,12.36478125,,,,,,
944,Temperature on osmosampler TKL_524,2024-06-12,11.6403125,,,,,,
945,Temperature on osmosampler TKL_524,2024-06-13,11.559156250000001,,,,,,
946,Temperature on osmosampler TKL_524,2024-06-14,10.1191875,,,,,,
947,Temperature on osmosampler TKL_524,2024-06-15,9.879041666666668,,,,,,
948,Temperature on osmosampler TKL_524,2024-06-16,10.293135416666667,,,,,,
949,Temperature on osmosampler TKL_524,2024-06-17,10.856760416666667,,,,,,
950,Temperature on osmosampler TKL_524,2024-06-18,11.146677083333332,,,,,,
951,Temperature on osmosampler TKL_524,2024-06-19,10.577635416666666,,,,,,
952,Temperature on osmosampler TKL_524,2024-06-20,11.10303125,,,,,,
953,Temperature on osmosampler TKL_524,2024-06-21,12.606239583333334,,,,,,
954,Temperature on osmosampler TKL_524,2024-06-22,13.364895833333334,,,,,,
955,Temperature on osmosampler TKL_524,2024-06-23,14.91446875,,,,,,
956,Temperature on osmosampler TKL_524,2024-06-24,14.77675,,,,,,
957,Temperature on osmosampler TKL_524,2024-06-25,15.569645833333333,,,,,,
958,Temperature on osmosampler TKL_524,2024-06-26,17.27384375,,,,,,
959,Temperature on osmosampler TKL_524,2024-06-27,16.502135416666665,,,,,,
960,Temperature on osmosampler TKL_524,2024-06-28,16.859145833333333,,,,,,
961,Temperature on osmosampler TKL_524,2024-06-29,16.07195833333333,,,,,,
962,Temperature on osmosampler TKL_524,2024-06-30,15.623031249999999,,,,,,
963,Temperature on osmosampler TKL_524,2024-07-01,15.573302083333333,,,,,,
964,Temperature on osmosampler TKL_524,2024-07-02,12.700166666666666,,,,,,
965,Temperature on osmosampler TKL_524,2024-07-03,6.0675,,,,,,
966,Temperature on osmosampler TKL_524,2024-07-04,7.5985000000000005,,,,,,
967,Temperature on osmosampler TKL_524,2024-07-05,7.441020833333333,,,,,,
968,Temperature on osmosampler TKL_524,2024-07-06,7.246020833333334,,,,,,
969,Temperature on osmosampler TKL_524,2024-07-07,7.7093645833333335,,,,,,
970,Temperature on osmosampler TKL_524,2024-07-08,8.634385416666666,,,,,,
971,Temperature on osmosampler TKL_524,2024-07-09,8.981833333333332,,,,,,
972,Temperature on osmosampler TKL_524,2024-07-10,10.556072916666666,,,,,,
973,Temperature on osmosampler TKL_524,2024-07-11,11.801447916666667,,,,,,
974,Temperature on osmosampler TKL_524,2024-07-12,10.982645833333335,,,,,,
975,Temperature on osmosampler TKL_524,2024-07-13,13.552104166666666,,,,,,
976,Temperature on osmosampler TKL_524,2024-07-14,12.498229166666667,,,,,,
977,Temperature on osmosampler TKL_524,2024-07-15,11.198229166666666,,,,,,
978,Temperature on osmosampler TKL_524,2024-07-16,10.735239583333334,,,,,,
979,Temperature on osmosampler TKL_524,2024-07-17,10.35928125,,,,,,
980,Temperature on osmosampler TKL_524,2024-07-18,12.366177083333334,,,,,,
981,Temperature on osmosampler TKL_524,2024-07-19,13.180135416666667,,,,,,
982,Temperature on osmosampler TKL_524,2024-07-20,12.12796875,,,,,,
983,Temperature on osmosampler TKL_524,2024-07-21,11.472552083333333,,,,,,
984,Temperature on osmosampler TKL_524,2024-07-22,11.081052083333333,,,,,,
985,Temperature on osmosampler TKL_524,2024-07-23,11.026270833333333,,,,,,
986,Temperature on osmosampler TKL_524,2024-07-24,11.322885416666667,,,,,,
987,Temperature on osmosampler TKL_524,2024-07-25,11.664781249999999,,,,,,
988,Temperature on osmosampler TKL_524,2024-07-26,14.2629375,,,,,,
989,Temperature on osmosampler TKL_524,2024-07-27,12.891427083333333,,,,,,
990,Temperature on osmosampler TKL_524,2024-07-28,12.311958333333335,,,,,,
991,Temperature on osmosampler TKL_524,2024-07-29,11.927750000000001,,,,,,
992,Temperature on osmosampler TKL_524,2024-07-30,11.995802083333333,,,,,,
993,Temperature on osmosampler TKL_524,2024-07-31,11.85446875,,,,,,
994,Temperature on osmosampler TKL_524,2024-08-01,9.905229166666667,,,,,,
995,Temperature on osmosampler TKL_524,2024-08-02,9.804114583333334,,,,,,
996,Temperature on osmosampler TKL_524,2024-08-03,12.083645833333334,,,,,,
997,Temperature on osmosampler TKL_524,2024-08-04,12.16859375,,,,,,
998,Temperature on osmosampler TKL_524,2024-08-05,12.144374999999998,,,,,,
999,Temperature on osmosampler TKL_524,2024-08-06,12.535916666666667,,,,,,
1000,Temperature on osmosampler TKL_524,2024-08-07,11.769489583333334,,,,,,
1001,Temperature on osmosampler TKL_524,2024-08-08,10.659583333333334,,,,,,
1002,Temperature on osmosampler TKL_524,2024-08-09,10.360541666666666,,,,,,
1003,Temperature on osmosampler TKL_524,2024-08-10,11.328687500000001,,,,,,
1004,Temperature on osmosampler TKL_524,2024-08-11,10.71725,,,,,,
1005,Temperature on osmosampler TKL_524,2024-08-12,10.946927083333334,,,,,,
1006,Temperature on osmosampler TKL_524,2024-08-13,11.776593750000002,,,,,,
1007,Temperature on osmosampler TKL_524,2024-08-14,10.580375,,,,,,
1008,Temperature on osmosampler TKL_524,2024-08-15,9.492708333333333,,,,,,
1009,Temperature on osmosampler TKL_524,2024-08-16,8.558260416666666,,,,,,
1010,Temperature on osmosampler TKL_524,2024-08-17,7.875854166666667,,,,,,
1011,Temperature on osmosampler TKL_524,2024-08-18,9.712604166666667,,,,,,
1012,Temperature on osmosampler TKL_524,2024-08-19,9.108604166666668,,,,,,
1013,Temperature on osmosampler TKL_524,2024-08-20,10.813979166666668,,,,,,
1014,Temperature on osmosampler TKL_524,2024-08-21,18.54789583333333,,,,,,
1015,Temperature on osmosampler TKL_524,2024-08-22,18.704020833333335,,,,,,
1016,Temperature on osmosampler TKL_524,2024-08-23,19.445260416666667,,,,,,
1017,Temperature on osmosampler TKL_524,2024-08-24,19.226177083333333,,,,,,
1018,Temperature on osmosampler TKL_524,2024-08-25,19.408583333333333,,,,,,
1019,Temperature on osmosampler TKL_524,2024-08-26,19.696427083333333,,,,,,
1020,Temperature on osmosampler TKL_524,2024-08-27,19.795916666666667,,,,,,
1021,Temperature on osmosampler TKL_524,2024-08-28,19.500666666666667,,,,,,
1022,Temperature on osmosampler TKL_524,2024-08-29,19.328458333333334,,,,,,
1023,Temperature on osmosampler TKL_524,2024-08-30,19.413020833333334,,,,,,
1024,Temperature on osmosampler TKL_524,2024-08-31,19.543302083333334,,,,,,
1025,Temperature on osmosampler TKL_524,2024-09-01,19.474999999999998,,,,,,
1026,Temperature on osmosampler TKL_524,2024-09-02,15.025458333333333,,,,,,
1027,Temperature on osmosampler TKL_524,2024-09-03,10.119677083333334,,,,,,
1028,Temperature on osmosampler TKL_524,2024-09-04,18.130166666666668,,,,,,
1029,Temperature on osmosampler TKL_524,2024-09-05,13.801864583333334,,,,,,
1030,Temperature on osmosampler TKL_524,2024-09-06,21.044104166666667,,,,,,
1031,Temperature on osmosampler TKL_524,2024-09-07,21.040625000000002,,,,,,
1032,Temperature on osmosampler TKL_524,2024-09-08,20.387979166666664,,,,,,
1033,Temperature on osmosampler TKL_524,2024-09-09,20.853041666666666,,,,,,
1034,Temperature on osmosampler TKL_524,2024-09-10,20.916833333333333,,,,,,
1035,Temperature on osmosampler TKL_524,2024-09-11,20.874635416666667,,,,,,
1036,Temperature on osmosampler TKL_524,2024-09-12,20.86646875,,,,,,
1037,Temperature on osmosampler TKL_524,2024-09-13,21.275833333333335,,,,,,
1038,Temperature on osmosampler TKL_524,2024-09-14,19.4125625,,,,,,
1039,Temperature on osmosampler TKL_524,2024-09-15,19.99228125,,,,,,
1040,Temperature on osmosampler TKL_524,2024-09-16,20.925239583333333,,,,,,
1041,Temperature on osmosampler TKL_524,2024-09-17,20.7093125,,,,,,
1042,Temperature on osmosampler TKL_524,2024-09-18,20.846939393939394,,,,,,
1043,Temperature on osmosampler TKL_884,2024-05-16,21.62459375,,,,,,
1044,Temperature on osmosampler TKL_884,2024-05-17,18.91284375,,,,,,
1045,Temperature on osmosampler TKL_884,2024-05-18,20.496739583333333,,,,,,
1046,Temperature on osmosampler TKL_884,2024-05-19,19.985885416666665,,,,,,
1047,Temperature on osmosampler TKL_884,2024-05-20,20.97678125,,,,,,
1048,Temperature on osmosampler TKL_884,2024-05-21,20.813385416666666,,,,,,
1049,Temperature on osmosampler TKL_884,2024-05-22,20.982458333333334,,,,,,
1050,Temperature on osmosampler TKL_884,2024-05-23,19.93778125,,,,,,
1051,Temperature on osmosampler TKL_884,2024-05-24,14.039760416666667,,,,,,
1052,Temperature on osmosampler TKL_884,2024-05-25,9.0665625,,,,,,
1053,Temperature on osmosampler TKL_884,2024-05-26,6.501322916666666,,,,,,
1054,Temperature on osmosampler TKL_884,2024-05-27,6.662,,,,,,
1055,Temperature on osmosampler TKL_884,2024-05-28,8.471479166666667,,,,,,
1056,Temperature on osmosampler TKL_884,2024-05-29,10.977031250000001,,,,,,
1057,Temperature on osmosampler TKL_884,2024-05-30,15.818666666666667,,,,,,
1058,Temperature on osmosampler TKL_884,2024-05-31,13.730718750000001,,,,,,
1059,Temperature on osmosampler TKL_884,2024-06-01,9.464854166666667,,,,,,
1060,Temperature on osmosampler TKL_884,2024-06-02,8.81934375,,,,,,
1061,Temperature on osmosampler TKL_884,2024-06-03,7.359749999999999,,,,,,
1062,Temperature on osmosampler TKL_884,2024-06-04,6.4473125,,,,,,
1063,Temperature on osmosampler TKL_884,2024-06-05,7.774770833333334,,,,,,
1064,Temperature on osmosampler TKL_884,2024-06-06,9.196125,,,,,,
1065,Temperature on osmosampler TKL_884,2024-06-07,10.092572916666667,,,,,,
1066,Temperature on osmosampler TKL_884,2024-06-08,12.317437499999999,,,,,,
1067,Temperature on osmosampler TKL_884,2024-06-09,13.934645833333335,,,,,,
1068,Temperature on osmosampler TKL_884,2024-06-10,15.269041666666666,,,,,,
1069,Temperature on osmosampler TKL_884,2024-06-11,15.725270833333333,,,,,,
1070,Temperature on osmosampler TKL_884,2024-06-12,17.089135416666668,,,,,,
1071,Temperature on osmosampler TKL_884,2024-06-13,16.11046875,,,,,,
1072,Temperature on osmosampler TKL_884,2024-06-14,14.864270833333334,,,,,,
1073,Temperature on osmosampler TKL_884,2024-06-15,14.720291666666666,,,,,,
1074,Temperature on osmosampler TKL_884,2024-06-16,15.697364583333334,,,,,,
1075,Temperature on osmosampler TKL_884,2024-06-17,16.356437500000002,,,,,,
1076,Temperature on osmosampler TKL_884,2024-06-18,15.605395833333333,,,,,,
1077,Temperature on osmosampler TKL_884,2024-06-19,15.448489583333334,,,,,,
1078,Temperature on osmosampler TKL_884,2024-06-20,16.933020833333334,,,,,,
1079,Temperature on osmosampler TKL_884,2024-06-21,17.99476041666667,,,,,,
1080,Temperature on osmosampler TKL_884,2024-06-22,19.191114583333334,,,,,,
1081,Temperature on osmosampler TKL_884,2024-06-23,18.738218749999998,,,,,,
1082,Temperature on osmosampler TKL_884,2024-06-24,18.495708333333333,,,,,,
1083,Temperature on osmosampler TKL_884,2024-06-25,18.974479166666665,,,,,,
1084,Temperature on osmosampler TKL_884,2024-06-26,19.753656250000002,,,,,,
1085,Temperature on osmosampler TKL_884,2024-06-27,20.932489583333332,,,,,,
1086,Temperature on osmosampler TKL_884,2024-06-28,21.286375,,,,,,
1087,Temperature on osmosampler TKL_884,2024-06-29,20.943604166666667,,,,,,
1088,Temperature on osmosampler TKL_884,2024-06-30,21.924239583333332,,,,,,
1089,Temperature on osmosampler TKL_884,2024-07-01,22.389927083333333,,,,,,
1090,Temperature on osmosampler TKL_884,2024-07-02,19.683583333333335,,,,,,
1091,Temperature on osmosampler TKL_884,2024-07-03,14.730072916666666,,,,,,
1092,Temperature on osmosampler TKL_884,2024-07-04,13.479291666666667,,,,,,
1093,Temperature on osmosampler TKL_884,2024-07-05,12.805916666666667,,,,,,
1094,Temperature on osmosampler TKL_884,2024-07-06,12.537864583333333,,,,,,
1095,Temperature on osmosampler TKL_884,2024-07-07,12.970625,,,,,,
1096,Temperature on osmosampler TKL_884,2024-07-08,13.547635416666667,,,,,,
1097,Temperature on osmosampler TKL_884,2024-07-09,14.002958333333334,,,,,,
1098,Temperature on osmosampler TKL_884,2024-07-10,13.396666666666667,,,,,,
1099,Temperature on osmosampler TKL_884,2024-07-11,14.425572916666667,,,,,,
1100,Temperature on osmosampler TKL_884,2024-07-12,16.366520833333333,,,,,,
1101,Temperature on osmosampler TKL_884,2024-07-13,16.662333333333333,,,,,,
1102,Temperature on osmosampler TKL_884,2024-07-14,16.283583333333333,,,,,,
1103,Temperature on osmosampler TKL_884,2024-07-15,15.559135416666665,,,,,,
1104,Temperature on osmosampler TKL_884,2024-07-16,15.367875,,,,,,
1105,Temperature on osmosampler TKL_884,2024-07-17,15.298927083333334,,,,,,
1106,Temperature on osmosampler TKL_884,2024-07-18,14.59771875,,,,,,
1107,Temperature on osmosampler TKL_884,2024-07-19,14.511260416666666,,,,,,
1108,Temperature on osmosampler TKL_884,2024-07-20,15.21425,,,,,,
1109,Temperature on osmosampler TKL_884,2024-07-21,15.78403125,,,,,,
1110,Temperature on osmosampler TKL_884,2024-07-22,15.963104166666668,,,,,,
1111,Temperature on osmosampler TKL_884,2024-07-23,17.791291666666666,,,,,,
1112,Temperature on osmosampler TKL_884,2024-07-24,19.296739583333334,,,,,,
1113,Temperature on osmosampler TKL_884,2024-07-25,19.925197916666665,,,,,,
1114,Temperature on osmosampler TKL_884,2024-07-26,18.794999999999998,,,,,,
1115,Temperature on osmosampler TKL_884,2024-07-27,17.283447916666667,,,,,,
1116,Temperature on osmosampler TKL_884,2024-07-28,16.91363541666667,,,,,,
1117,Temperature on osmosampler TKL_884,2024-07-29,15.942604166666667,,,,,,
1118,Temperature on osmosampler TKL_884,2024-07-30,15.27246875,,,,,,
1119,Temperature on osmosampler TKL_884,2024-07-31,14.834791666666668,,,,,,
1120,Temperature on osmosampler TKL_884,2024-08-01,13.340385416666665,,,,,,
1121,Temperature on osmosampler TKL_884,2024-08-02,13.080072916666667,,,,,,
1122,Temperature on osmosampler TKL_884,2024-08-03,13.054322916666665,,,,,,
1123,Temperature on osmosampler TKL_884,2024-08-04,12.48340625,,,,,,
1124,Temperature on osmosampler TKL_884,2024-08-05,12.967479166666665,,,,,,
1125,Temperature on osmosampler TKL_884,2024-08-06,13.58809375,,,,,,
1126,Temperature on osmosampler TKL_884,2024-08-07,13.906239583333333,,,,,,
1127,Temperature on osmosampler TKL_884,2024-08-08,14.436416666666666,,,,,,
1128,Temperature on osmosampler TKL_884,2024-08-09,14.47865625,,,,,,
1129,Temperature on osmosampler TKL_884,2024-08-10,14.168999999999999,,,,,,
1130,Temperature on osmosampler TKL_884,2024-08-11,13.862072916666667,,,,,,
1131,Temperature on osmosampler TKL_884,2024-08-12,14.029635416666666,,,,,,
1132,Temperature on osmosampler TKL_884,2024-08-13,12.790041666666667,,,,,,
1133,Temperature on osmosampler TKL_884,2024-08-14,11.248895833333334,,,,,,
1134,Temperature on osmosampler TKL_884,2024-08-15,10.771822916666666,,,,,,
1135,Temperature on osmosampler TKL_884,2024-08-16,10.582135416666667,,,,,,
1136,Temperature on osmosampler TKL_884,2024-08-17,9.675447916666666,,,,,,
1137,Temperature on osmosampler TKL_884,2024-08-18,9.697729166666667,,,,,,
1138,Temperature on osmosampler TKL_884,2024-08-19,9.8905625,,,,,,
1139,Temperature on osmosampler TKL_884,2024-08-20,8.987395833333332,,,,,,
1140,Temperature on osmosampler TKL_884,2024-08-21,8.631145833333333,,,,,,
1141,Temperature on osmosampler TKL_884,2024-08-22,9.751822916666667,,,,,,
1142,Temperature on osmosampler TKL_884,2024-08-23,19.57171875,,,,,,
1143,Temperature on osmosampler TKL_884,2024-08-24,19.406052083333332,,,,,,
1144,Temperature on osmosampler TKL_884,2024-08-25,19.494062500000002,,,,,,
1145,Temperature on osmosampler TKL_884,2024-08-26,20.101375,,,,,,
1146,Temperature on osmosampler TKL_884,2024-08-27,19.782520833333333,,,,,,
1147,Temperature on osmosampler TKL_884,2024-08-28,19.4156875,,,,,,
1148,Temperature on osmosampler TKL_884,2024-08-29,19.251322916666666,,,,,,
1149,Temperature on osmosampler TKL_884,2024-08-30,19.392927083333333,,,,,,
1150,Temperature on osmosampler TKL_884,2024-08-31,19.49303125,,,,,,
1151,Temperature on osmosampler TKL_884,2024-09-01,19.461739583333333,,,,,,
1152,Temperature on osmosampler TKL_884,2024-09-02,15.040010416666666,,,,,,
1153,Temperature on osmosampler TKL_884,2024-09-03,10.207708333333334,,,,,,
1154,Temperature on osmosampler TKL_884,2024-09-04,18.09734375,,,,,,
1155,Temperature on osmosampler TKL_884,2024-09-05,13.843562499999999,,,,,,
1156,Temperature on osmosampler TKL_884,2024-09-06,21.039854166666668,,,,,,
1157,Temperature on osmosampler TKL_884,2024-09-07,21.041447916666666,,,,,,
1158,Temperature on osmosampler TKL_884,2024-09-08,20.3758125,,,,,,
1159,Temperature on osmosampler TKL_884,2024-09-09,20.840447916666665,,,,,,
1160,Temperature on osmosampler TKL_884,2024-09-10,20.898729166666666,,,,,,
1161,Temperature on osmosampler TKL_884,2024-09-11,20.853770833333332,,,,,,
1162,Temperature on osmosampler TKL_884,2024-09-12,20.841906249999997,,,,,,
1163,Temperature on osmosampler TKL_884,2024-09-13,21.240010416666667,,,,,,
1164,Temperature on osmosampler TKL_884,2024-09-14,19.320416666666667,,,,,,
1165,Temperature on osmosampler TKL_884,2024-09-15,19.93640625,,,,,,
1166,Temperature on osmosampler TKL_884,2024-09-16,20.888177083333336,,,,,,
1167,Temperature on osmosampler TKL_884,2024-09-17,20.674302083333334,,,,,,
1168,Temperature on osmosampler TKL_884,2024-09-18,20.843343283582087,,,,,,
1169,Temperature on osmosampler TKL_917,2024-05-16,21.60515625,,,,,,
1170,Temperature on osmosampler TKL_917,2024-05-17,18.892625,,,,,,
1171,Temperature on osmosampler TKL_917,2024-05-18,20.36215625,,,,,,
1172,Temperature on osmosampler TKL_917,2024-05-19,19.8514375,,,,,,
1173,Temperature on osmosampler TKL_917,2024-05-20,20.868614583333333,,,,,,
1174,Temperature on osmosampler TKL_917,2024-05-21,20.84928125,,,,,,
1175,Temperature on osmosampler TKL_917,2024-05-22,21.189541666666667,,,,,,
1176,Temperature on osmosampler TKL_917,2024-05-23,20.039520833333334,,,,,,
1177,Temperature on osmosampler TKL_917,2024-05-24,14.337958333333333,,,,,,
1178,Temperature on osmosampler TKL_917,2024-05-25,9.317052083333333,,,,,,
1179,Temperature on osmosampler TKL_917,2024-05-26,7.23240625,,,,,,
1180,Temperature on osmosampler TKL_917,2024-05-27,7.7565625,,,,,,
1181,Temperature on osmosampler TKL_917,2024-05-28,8.784625,,,,,,
1182,Temperature on osmosampler TKL_917,2024-05-29,11.907270833333333,,,,,,
1183,Temperature on osmosampler TKL_917,2024-05-30,16.30790625,,,,,,
1184,Temperature on osmosampler TKL_917,2024-05-31,13.386062500000001,,,,,,
1185,Temperature on osmosampler TKL_917,2024-06-01,9.634854166666667,,,,,,
1186,Temperature on osmosampler TKL_917,2024-06-02,10.276468750000001,,,,,,
1187,Temperature on osmosampler TKL_917,2024-06-03,8.525854166666667,,,,,,
1188,Temperature on osmosampler TKL_917,2024-06-04,6.552968750000001,,,,,,
1189,Temperature on osmosampler TKL_917,2024-06-05,5.2226875,,,,,,
1190,Temperature on osmosampler TKL_917,2024-06-06,4.5214791666666665,,,,,,
1191,Temperature on osmosampler TKL_917,2024-06-07,4.75365625,,,,,,
1192,Temperature on osmosampler TKL_917,2024-06-08,6.3823125,,,,,,
1193,Temperature on osmosampler TKL_917,2024-06-09,9.10028125,,,,,,
1194,Temperature on osmosampler TKL_917,2024-06-10,11.605052083333334,,,,,,
1195,Temperature on osmosampler TKL_917,2024-06-11,11.2755625,,,,,,
1196,Temperature on osmosampler TKL_917,2024-06-12,11.293864583333333,,,,,,
1197,Temperature on osmosampler TKL_917,2024-06-13,11.797479166666667,,,,,,
1198,Temperature on osmosampler TKL_917,2024-06-14,11.673864583333334,,,,,,
1199,Temperature on osmosampler TKL_917,2024-06-15,11.6730625,,,,,,
1200,Temperature on osmosampler TKL_917,2024-06-16,12.093395833333334,,,,,,
1201,Temperature on osmosampler TKL_917,2024-06-17,13.448395833333334,,,,,,
1202,Temperature on osmosampler TKL_917,2024-06-18,13.555770833333334,,,,,,
1203,Temperature on osmosampler TKL_917,2024-06-19,13.077145833333333,,,,,,
1204,Temperature on osmosampler TKL_917,2024-06-20,13.426124999999999,,,,,,
1205,Temperature on osmosampler TKL_917,2024-06-21,13.968479166666667,,,,,,
1206,Temperature on osmosampler TKL_917,2024-06-22,14.9038125,,,,,,
1207,Temperature on osmosampler TKL_917,2024-06-23,16.435395833333335,,,,,,
1208,Temperature on osmosampler TKL_917,2024-06-24,15.97740625,,,,,,
1209,Temperature on osmosampler TKL_917,2024-06-25,16.862416666666665,,,,,,
1210,Temperature on osmosampler TKL_917,2024-06-26,17.660833333333333,,,,,,
1211,Temperature on osmosampler TKL_917,2024-06-27,18.682624999999998,,,,,,
1212,Temperature on osmosampler TKL_917,2024-06-28,19.369104166666666,,,,,,
1213,Temperature on osmosampler TKL_917,2024-06-29,18.925895833333332,,,,,,
1214,Temperature on osmosampler TKL_917,2024-06-30,19.017791666666668,,,,,,
1215,Temperature on osmosampler TKL_917,2024-07-01,19.4711875,,,,,,
1216,Temperature on osmosampler TKL_917,2024-07-02,18.171499999999998,,,,,,
1217,Temperature on osmosampler TKL_917,2024-07-03,13.905104166666668,,,,,,
1218,Temperature on osmosampler TKL_917,2024-07-04,12.755,,,,,,
1219,Temperature on osmosampler TKL_917,2024-07-05,12.154802083333335,,,,,,
1220,Temperature on osmosampler TKL_917,2024-07-06,11.499749999999999,,,,,,
1221,Temperature on osmosampler TKL_917,2024-07-07,11.90325,,,,,,
1222,Temperature on osmosampler TKL_917,2024-07-08,11.86,,,,,,
1223,Temperature on osmosampler TKL_917,2024-07-09,12.365645833333334,,,,,,
1224,Temperature on osmosampler TKL_917,2024-07-10,12.267906250000001,,,,,,
1225,Temperature on osmosampler TKL_917,2024-07-11,12.92065625,,,,,,
1226,Temperature on osmosampler TKL_917,2024-07-12,14.019197916666668,,,,,,
1227,Temperature on osmosampler TKL_917,2024-07-13,15.089583333333332,,,,,,
1228,Temperature on osmosampler TKL_917,2024-07-14,15.486760416666668,,,,,,
1229,Temperature on osmosampler TKL_917,2024-07-15,14.7079375,,,,,,
1230,Temperature on osmosampler TKL_917,2024-07-16,14.306552083333335,,,,,,
1231,Temperature on osmosampler TKL_917,2024-07-17,14.16146875,,,,,,
1232,Temperature on osmosampler TKL_917,2024-07-18,13.716166666666666,,,,,,
1233,Temperature on osmosampler TKL_917,2024-07-19,13.558114583333333,,,,,,
1234,Temperature on osmosampler TKL_917,2024-07-20,13.79325,,,,,,
1235,Temperature on osmosampler TKL_917,2024-07-21,14.44225,,,,,,
1236,Temperature on osmosampler TKL_917,2024-07-22,14.491552083333334,,,,,,
1237,Temperature on osmosampler TKL_917,2024-07-23,14.853104166666666,,,,,,
1238,Temperature on osmosampler TKL_917,2024-07-24,15.268854166666666,,,,,,
1239,Temperature on osmosampler TKL_917,2024-07-25,15.753052083333332,,,,,,
1240,Temperature on osmosampler TKL_917,2024-07-26,17.000010416666665,,,,,,
1241,Temperature on osmosampler TKL_917,2024-07-27,16.011833333333332,,,,,,
1242,Temperature on osmosampler TKL_917,2024-07-28,15.683552083333334,,,,,,
1243,Temperature on osmosampler TKL_917,2024-07-29,15.175697916666666,,,,,,
1244,Temperature on osmosampler TKL_917,2024-07-30,14.173499999999999,,,,,,
1245,Temperature on osmosampler TKL_917,2024-07-31,13.809624999999999,,,,,,
1246,Temperature on osmosampler TKL_917,2024-08-01,12.335135416666667,,,,,,
1247,Temperature on osmosampler TKL_917,2024-08-02,12.067875,,,,,,
1248,Temperature on osmosampler TKL_917,2024-08-03,12.21084375,,,,,,
1249,Temperature on osmosampler TKL_917,2024-08-04,11.783895833333332,,,,,,
1250,Temperature on osmosampler TKL_917,2024-08-05,12.509156250000002,,,,,,
1251,Temperature on osmosampler TKL_917,2024-08-06,12.88228125,,,,,,
1252,Temperature on osmosampler TKL_917,2024-08-07,13.490166666666667,,,,,,
1253,Temperature on osmosampler TKL_917,2024-08-08,13.699687500000001,,,,,,
1254,Temperature on osmosampler TKL_917,2024-08-09,13.637052083333332,,,,,,
1255,Temperature on osmosampler TKL_917,2024-08-10,13.283114583333335,,,,,,
1256,Temperature on osmosampler TKL_917,2024-08-11,12.989197916666667,,,,,,
1257,Temperature on osmosampler TKL_917,2024-08-12,13.034854166666667,,,,,,
1258,Temperature on osmosampler TKL_917,2024-08-13,12.082875,,,,,,
1259,Temperature on osmosampler TKL_917,2024-08-14,10.712093750000001,,,,,,
1260,Temperature on osmosampler TKL_917,2024-08-15,10.379635416666668,,,,,,
1261,Temperature on osmosampler TKL_917,2024-08-16,10.335572916666667,,,,,,
1262,Temperature on osmosampler TKL_917,2024-08-17,9.539052083333333,,,,,,
1263,Temperature on osmosampler TKL_917,2024-08-18,9.364135416666667,,,,,,
1264,Temperature on osmosampler TKL_917,2024-08-19,9.6038125,,,,,,
1265,Temperature on osmosampler TKL_917,2024-08-20,8.68765625,,,,,,
1266,Temperature on osmosampler TKL_917,2024-08-21,8.385822916666667,,,,,,
1267,Temperature on osmosampler TKL_917,2024-08-22,8.201072916666666,,,,,,
1268,Temperature on osmosampler TKL_917,2024-08-23,12.078322916666666,,,,,,
1269,Temperature on osmosampler TKL_917,2024-08-24,19.337927083333334,,,,,,
1270,Temperature on osmosampler TKL_917,2024-08-25,19.381833333333333,,,,,,
1271,Temperature on osmosampler TKL_917,2024-08-26,19.96271875,,,,,,
1272,Temperature on osmosampler TKL_917,2024-08-27,19.71465625,,,,,,
1273,Temperature on osmosampler TKL_917,2024-08-28,19.443447916666667,,,,,,
1274,Temperature on osmosampler TKL_917,2024-08-29,19.266468749999998,,,,,,
1275,Temperature on osmosampler TKL_917,2024-08-30,19.28684375,,,,,,
1276,Temperature on osmosampler TKL_917,2024-08-31,19.364375,,,,,,
1277,Temperature on osmosampler TKL_917,2024-09-01,19.3606875,,,,,,
1278,Temperature on osmosampler TKL_917,2024-09-02,14.919614583333333,,,,,,
1279,Temperature on osmosampler TKL_917,2024-09-03,10.166541666666667,,,,,,
1280,Temperature on osmosampler TKL_917,2024-09-04,18.066958333333336,,,,,,
1281,Temperature on osmosampler TKL_917,2024-09-05,13.77375,,,,,,
1282,Temperature on osmosampler TKL_917,2024-09-06,21.01486458333333,,,,,,
1283,Temperature on osmosampler TKL_917,2024-09-07,20.996177083333333,,,,,,
1284,Temperature on osmosampler TKL_917,2024-09-08,20.282854166666667,,,,,,
1285,Temperature on osmosampler TKL_917,2024-09-09,20.805416666666666,,,,,,
1286,Temperature on osmosampler TKL_917,2024-09-10,20.874125,,,,,,
1287,Temperature on osmosampler TKL_917,2024-09-11,20.840145833333334,,,,,,
1288,Temperature on osmosampler TKL_917,2024-09-12,20.82875,,,,,,
1289,Temperature on osmosampler TKL_917,2024-09-13,21.25947916666667,,,,,,
1290,Temperature on osmosampler TKL_917,2024-09-14,19.315677083333334,,,,,,
1291,Temperature on osmosampler TKL_917,2024-09-15,19.961833333333335,,,,,,
1292,Temperature on osmosampler TKL_917,2024-09-16,20.897906250000002,,,,,,
1293,Temperature on osmosampler TKL_917,2024-09-17,20.67626041666667,,,,,,
1294,Temperature on osmosampler TKL_917,2024-09-18,20.81442424242424,,,,,,
